QID,IAS,Resp_cleaned,positive,negative,joy,sadness,anger,fear
qGEN1,Gemma,Il tornado è un'enorme tempesta atmosferica con un'area di vento molto forte e,18.078067898750305,81.92193508148193,83.85065197944641,5.2963461726903915,0.01960765803232789,10.833393782377243
qGEN2,Gemma,Il tornado è un'enorme tempesta atmosferica con un'area di vento molto forte e,18.078067898750305,81.92193508148193,83.85065197944641,5.2963461726903915,0.01960765803232789,10.833393782377243
qGEN3,Gemma,La piramide egizia è un monumento funerario di grandi dimensioni costruito in Egitto per,99.94091987609863,0.05908500752411783,93.03248524665833,2.6861997321248055,0.48306332901120186,3.7982534617185593
qGEN4,Gemma,Le piramidi sono strutture monumentali che si trovano in diverse culture e epoche..,99.8900055885315,0.10999490041285753,99.6296226978302,0.13364885235205293,0.03764515568036586,0.19908391404896975
qGEN5,Gemma,La piramide più alta dell'antico Egitto è la Piramide di Khufu a,99.95253086090088,0.04746911290567368,99.8333990573883,0.0345745007507503,0.03202981024514884,0.09999960893765092
qGEN6,Gemma,La velocità di un tornado può variare notevolmente ma generalmente si aggira tra 10,95.31806111335754,4.681943729519844,0.7720014080405235,0.2980760298669338,0.07919634226709604,98.85072708129883
qGEN7,Gemma,La Piramide di Cheope si trova a Giza in Egitto ..,99.83185529708862,0.16814962727949023,92.04344749450684,0.6971136201173067,0.15912266680970788,7.100316137075424
qGEN8,Gemma,La velocità del tornado è variabile e può raggiungere fino a 300 chilometri all',0.19679281394928694,99.80320334434509,2.1381210535764694,1.0535774752497673,0.05072480998933315,96.757572889328
qGEN9,Gemma,Il vulcano attivo antico più famoso è il Vulcano di Stromboli situato sull'isola,96.99310660362244,3.006897494196892,82.22430348396301,3.635508567094803,0.29591177590191364,13.844282925128937
qGEN10,Gemma,Tornado veloce un'immagine di forza e furia. .,0.021295147598721087,99.97870326042175,0.25845987256616354,31.607264280319214,66.59112572669983,1.5431459993124008
qGEN11,Gemma,Il vulcano attivo antico più famoso è il Vulcano di Stromboli situato sull'isola,96.99310660362244,3.006897494196892,82.22430348396301,3.635508567094803,0.29591177590191364,13.844282925128937
qGEN12,Gemma,Monica è un nome comune in Italia..,99.89829659461975,0.10170440655201674,0.1287854858674109,96.59396409988403,0.2494908170774579,3.027755953371525
qGEN13,Gemma,Il mostro nero è un'entità leggendaria un'ombra che si muove,0.022273403010331094,99.97772574424744,99.89014863967896,0.04546609125100076,0.009616093302611262,0.05477167433127761
qGEN14,Gemma,Il tornado della velocità del mostro nero è un concetto complesso e non esiste una risposta semplice.,0.023287037038244307,99.97671246528625,0.015268624702002853,0.17285158392041922,97.51606583595276,2.2958168759942055
qGEN15,Gemma,Ecco alcuni animali a rischio di estinzione in Italia . Lince La,0.021744737750850618,99.97826218605042,0.08769734995439649,0.9194503538310528,0.17512200865894556,98.8177239894867
qGEN16,Gemma,I vulcani si formano quando il magma una sorta di lava liquida e calda si,0.07747055497020483,99.92252588272095,0.388707616366446,0.9896138682961464,0.6992655340582132,97.9224145412445
qGEN17,Gemma,I vulcani si trovano principalmente lungo le zone di faglia o zone di collisione,0.04101875820197165,99.95898604393005,0.03488696820568293,0.646144337952137,0.6521549075841904,98.66681098937988
qGEN18,Gemma,Il leopardo delle nevi è classificato come Panthera uncia ..,99.91573095321655,0.08426631684415042,85.71292161941528,1.1949791572988033,0.1899524126201868,12.902145087718964
qGEN19,Gemma,Possiamo fare molto per aiutare le specie in estinzione. Ecco alcune azioni concrete .,0.10114029282703996,99.89885687828064,0.12764707207679749,99.72320199012756,0.043885738705284894,0.10526686673983932
qGEN20,Gemma,Il vulcano più piccolo del mondo si trova in Italia nello stato di Sicilia .,0.08943970315158367,99.91056323051453,0.34436648711562157,94.03948783874512,0.36978949792683125,5.246355384588242
qGEN21,Gemma,Il vulcano più piccolo del mondo si trova in Spagna nel territorio di La,0.1265119994059205,99.87348914146423,1.2134254910051823,22.997432947158813,0.5432703532278538,75.24586915969849
qGEN22,Gemma,Il vulcano più piccolo del mondo si trova in California Stati Uniti ..,0.05345660028979182,99.94654059410095,0.5005714017897844,77.10912823677063,0.25569451972842216,22.134603559970856
qGEN23,Gemma,Il vulcano attivo più antico del mondo è il Mauna Kea in Hawaii..,99.72478747367859,0.2752147847786546,99.4175910949707,0.3231809940189123,0.02546153264120221,0.2337664132937789
qGEN24,Gemma,Il vulcano attivo più antico del mondo è il Mauna Kea in Hawaii..,99.72478747367859,0.2752147847786546,99.4175910949707,0.3231809940189123,0.02546153264120221,0.2337664132937789
qGEN25,Gemma,Non ho informazioni su quanti esemplari rimangono di Fantasma delle Montagne ..,0.03345514996908605,99.96654987335205,0.2794151660054922,6.859567761421204,40.74648916721344,52.11452841758728
qGEN26,Gemma,Ecco alcuni altri nomi per il tornado . Fendente Un termine popolare in Italia,0.024375940847676247,99.97562766075134,0.39437850937247276,80.80369234085083,0.8945687673985958,17.907357215881348
qGEN27,Gemma,La velocità massima di un tornado può variare da 100 a 300 chil,98.11119437217712,1.8888095393776894,1.1121030896902084,0.5364689044654369,0.21005950402468443,98.14136028289795
qGEN28,Gemma,Creazione di un Tornado Un'Analisi.Un tornado è un fenomeno atmosferico potente,99.97230172157288,0.027702024090103805,99.91000890731812,0.026755075668916106,0.01141769826062955,0.0518276821821928
qGEN29,Gemma,I tornado hanno effetti devastanti.. Ecco alcuni degli effetti più comuni .,0.02137509436579421,99.97863173484802,0.06936342106200755,0.27422469574958086,0.17057487275451422,99.48582649230957
qGEN30,Gemma,La nascita di un tornado è un evento complesso e affascinante. Ecco una descrizione in italiano,99.97228980064392,0.027706348919309676,99.93533492088318,0.027150113601237535,0.010313426173524931,0.027202203636988997
qGEN31,Gemma,Fuoco . Tempesta . Vento furioso .,0.023278070148080587,99.97672438621521,3.08013241738081,4.831617325544357,0.07326404447667301,92.01498627662659
qGEN32,Gemma,Il tornado si forma in un processo complesso che coinvolge diversi fattori atmosferici. Ecco una descrizione in,54.30286526679993,45.697128772735596,64.76794481277466,9.70248430967331,0.06074351258575916,25.46883225440979
qGEN33,Gemma,Lo sviluppo di un tornado e i suoi effetti.Un tornado è una tempesta atmosferica con,0.03730222815647721,99.96269941329956,1.9590441137552261,4.548395425081253,0.04242950526531786,93.45012307167053
qGEN34,Gemma,La piramide di Cheope è la più alta..,99.83038902282715,0.16960655339062214,99.82328414916992,0.04393162380438298,0.055873015662655234,0.07691046921536326
qGEN35,Gemma,Il mostro nero o uragano è un'immagine potente e suggestiva..,99.9115526676178,0.0884409062564373,99.93990659713745,0.02242120826849714,0.012257744674570858,0.025409949012100697
qGEN36,Gemma,Il tornado si sviluppa da un'ampia serie di eventi meteorologici complessi. Ecco,0.14354862505570054,99.85645413398743,1.5207543969154358,4.502468928694725,0.030050851637497544,93.9467191696167
qGEN37,Gemma,Ecco tre animali in estinzione . Elefante africano . Tigre,0.023440876975655556,99.97655749320984,0.04947679117321968,93.98157000541687,1.3766104355454445,4.592341184616089
qGEN38,Gemma,Ecco la classificazione del leopardo delle nevi . Kingdom Animalia.,99.73888993263245,0.2611148403957486,99.90824460983276,0.04826121439691633,0.010760879376903176,0.032737350556999445
qGEN39,Gemma,Possiamo aiutare le specie in estinzione con azioni concrete e a lungo termine. Ecco alcuni esempi,0.6227935198694468,99.37720894813538,0.0703170255292207,99.07127022743225,0.17366062384098768,0.6847501266747713
qGEN40,Gemma,Non ho informazioni su quanti esemplari rimangono del Fantasma delle Montagne ..,0.030464091105386615,99.96954202651978,6.55854269862175,6.29933699965477,18.783868849277496,68.35825443267822
qGEN41,Gemma,Il leopardo delle nevi è classificato come Panthera uncia ..,99.91573095321655,0.08426631684415042,85.71292161941528,1.1949791572988033,0.1899524126201868,12.902145087718964
qGEN42,Gemma,Possiamo fare molto per aiutare le specie in estinzione. Ecco alcune azioni concrete .,0.10114029282703996,99.89885687828064,0.12764707207679749,99.72320199012756,0.043885738705284894,0.10526686673983932
qGEN43,Gemma,Per aiutare le specie in estinzione dobbiamo agire su diversi fronti. Ecco alcuni esempi,0.02421240642433986,99.97578263282776,0.05083096330054104,93.89781355857849,0.27088287752121687,5.780474469065666
qGEN44,Gemma,Le montagne antiche e impervie custodiscono segreti. Un vento gelido,0.0461046292912215,99.95390176773071,36.12818717956543,63.20573091506958,0.03419897984713316,0.6318822037428617
qGEN45,Gemma,Ecco tre animali a rischio di estinzione . Elefante africano .,0.022423092741519213,99.97758269309998,0.12044829782098532,3.6829929798841476,0.2808734308928251,95.91568112373352
qGEN46,Gemma,Il leopardo delle nevi è classificato come . Classe Mammalia.,99.92437362670898,0.0756249763071537,98.31843972206116,0.4668299574404955,0.04386364598758519,1.170866284519434
qGEN47,Gemma,Ecco alcuni modi in cui possiamo aiutare le specie in estinzione . Protezione dell',7.427603006362915,92.57239699363708,0.11404512915760279,99.33330416679382,0.02989735803566873,0.5227502901107073
qGEN48,Gemma,Ecco alcuni modi per aiutare le specie in estinzione . Protezione dell'habitat,0.034256701474078,99.9657392501831,0.0789078650996089,98.08454513549805,0.06462060264311731,1.7719238996505737
qGEN49,Gemma,Ecco alcuni esempi di rimaste del fantasma delle nevi . La nebbia si,0.02177602582378313,99.97822642326355,0.08586295298300683,79.619961977005,0.11977285612374544,20.17439752817154
qGEN50,Gemma,Ecco alcuni esempi di rimaste di Fantasma delle Montagne . La leggenda,99.75692629814148,0.24307419080287218,99.61245656013489,0.02423225960228592,0.06684130639769137,0.29646693728864193
qGEN51,Gemma,Ecco alcuni dei pericoli per le specie animali . Cambiamento climatico Il,0.021639133046846837,99.97835755348206,0.08909058524295688,0.10425851214677095,0.09903009049594402,99.70762729644775
qGEN52,Gemma,I fantasmi delle montagne specie rimaste.... ... .,0.021242626826278865,99.97876286506653,0.023347830574493855,95.97770571708679,0.21426696330308914,3.7846755236387253
qGEN53,Gemma,Il Fantasma delle Montagne è un wrestler di WWE. .,99.97299313545227,0.027001177659258246,99.93743300437927,0.025169996661134064,0.013691243657376617,0.023707795480731875
qGEN54,Gemma,Il leopardo delle nevi è un felino selvatico incredibilmente raro e affascinante,99.96684789657593,0.03314909408800304,99.93785619735718,0.026996294036507607,0.01252949150511995,0.022615310444962233
qGEN55,Gemma,Ecco tre animali a rischio estinzione .1. Elefante africano .2.,0.02255844883620739,99.97743964195251,0.07686509052291512,0.3767631249502301,0.09839251870289445,99.44796562194824
qGEN56,Gemma,Il vulcano attivo più antico del mondo è il Mauna Kea in Hawaii..,99.72478747367859,0.2752147847786546,99.4175910949707,0.3231809940189123,0.02546153264120221,0.2337664132937789
qGEN57,Gemma,La eruzione più dannosa è quella Stromboli ..Ecco perché .,0.020592764485627413,99.9794065952301,0.012360968685243279,0.033571000676602125,98.76033663749695,1.1937356553971767
qGEN58,Gemma,Il vulcano più piccolo del mondo si trova in Italia nello stato di Sicilia .,0.08943970315158367,99.91056323051453,0.34436648711562157,94.03948783874512,0.36978949792683125,5.246355384588242
qGEN59,Gemma,Il vulcano più attivo e più antico del mondo è il Mauna Loa sull'isola,99.8658537864685,0.13414958957582712,99.72171783447266,0.10316516272723675,0.02000914391828701,0.15511204255744815
qGEN60,Gemma,Le eruzioni vulcaniche di tipo Plinian sono generalmente considerate le più perico,0.023497355869039893,99.97649788856506,0.10769269429147243,29.153555631637573,0.21611249540001154,70.5226480960846
qGEN61,Gemma,Ecco una descrizione dei tipi di eruzioni vulcaniche e dei danni che possono causare .,0.022815271222498268,99.97718930244446,0.08143363520503044,0.6131643429398537,0.057696737349033356,99.24769997596741
qGEN62,Gemma,Il vulcano più piccolo si trova in Sicilia in una zona chiamata Etna .,5.535192787647247,94.46480870246887,0.33568611834198236,52.84608006477356,1.6891533508896828,45.12907862663269
qGEN63,Gemma,Il vulcano più antico attivo è il Stromboli situato sull'isola italiana di Stromboli,99.57495927810669,0.42503303848206997,75.82787275314331,3.909306228160858,0.3352195955812931,19.927601516246796
qGEN64,Gemma,I vulcani si formano grazie a un processo complesso che coinvolge la concentrazione di,98.73263239860535,1.2673627585172653,97.1535861492157,0.3492665709927678,0.08632431854493916,2.4108167737722397
qGEN65,Gemma,Un bambino sano dovrebbe mangiare circa 1000-1500 calorie al giorno .,0.8843685500323772,99.11563396453857,0.263387244194746,15.005849301815033,53.33669185638428,31.394070386886597
qGEN66,Gemma,I punti cardinali sono . Nord . Sud . Est,99.84208345413208,0.1579193165525794,2.3574505001306534,7.906697690486908,0.7423837203532457,88.99345993995667
qGEN67,Gemma,Le cose più importanti della moto sono . Libertà La moto ti permette di esplor,99.9731957912445,0.026802578940987587,99.92215633392334,0.02959251869469881,0.02863490371964872,0.019622271065600216
qGEN68,Gemma,Il periodo Paleolitico inizia circa 1 8 milioni di anni fa e si estende,95.53254842758179,4.467453062534332,8.569513261318207,25.23920238018036,0.38752786349505186,65.80376029014587
qGEN69,Gemma,Zigurat .,99.97743964195251,0.02256367588415742,99.9297022819519,0.03307451552245766,0.015951352543197572,0.021272273443173617
qGEN70,Gemma,Ecco 3 animali a rischio di estinzione .1. Elefante africano .,0.022408667427953333,99.97759461402893,0.07232498610392213,0.5298604723066092,0.16458203317597508,99.23323392868042
qGEN71,Gemma,I punti cardinali sono . Nord . Sud . Est,99.84208345413208,0.1579193165525794,2.3574505001306534,7.906697690486908,0.7423837203532457,88.99345993995667
qGEN72,Gemma,Ecco alcuni animali in estinzione . Elefante africano La perdita di habitat,0.022489854018203914,99.97751116752625,0.018738588551059365,99.19508695602417,0.3027650061994791,0.4834144841879606
qGEN73,Gemma,La Piramide di Cheope si trova a Giza in Egitto ..,99.83185529708862,0.16814962727949023,92.04344749450684,0.6971136201173067,0.15912266680970788,7.100316137075424
qGEN74,Gemma,Immagine di una piramide egizia .,0.03758848179131746,99.96241331100464,1.6358466818928719,4.631036147475243,1.745365746319294,91.98774695396423
qGEN75,Gemma,Gli animali in estinzione. Un problema grave per l'ambiente..Ecco alcuni,0.021134864073246717,99.97887015342712,0.06921229651197791,10.341162979602814,0.6428749300539494,88.94674777984619
qGEN76,Gemma,I vulcani sono montagne che si formano da eruzioni vulcaniche. .,0.3091073129326105,99.6908962726593,0.6862254813313484,9.015035629272461,0.31725068110972643,89.98149037361145
qGEN77,Gemma,I vulcani più grandi del mondo sono . Mauna Loa Situato sull',99.85194802284241,0.148052629083395,99.8609185218811,0.060058856615796685,0.016849434177856892,0.06217134650796652
qGEN78,Gemma,La piramide più alta è la Piramide di Cheope a Giza..,99.9352753162384,0.06472906097769737,98.78266453742981,0.10283880401402712,0.1601057476364076,0.9543944150209427
qGEN79,Gemma,Ecco i punti cardinali . Nord . Sud . Est,99.5964765548706,0.40352288633584976,1.4571558684110641,3.2067589461803436,0.9838086552917957,94.35227513313293
qGEN80,Gemma,Il vulcano più grande del mondo è il Mauna Loa sull'isola di Hawaii.,99.88631010055542,0.11369528947398067,99.8195230960846,0.08418883080594242,0.014058334636501968,0.08223013137467206
qGEN81,Gemma,La piramide più alta dell'antico Egitto è la Piramide di Khufu a,99.95253086090088,0.04746911290567368,99.8333990573883,0.0345745007507503,0.03202981024514884,0.09999960893765092
qGEN82,Gemma,Mi dispiace ma non posso fornirti informazioni su come scaricare musica da YouTube. La mia,0.024929310893639922,99.97506737709045,0.043778796680271626,99.85717535018921,0.055057182908058167,0.04398367018438876
qGEN83,Gemma,Il padre di Micerino è il Conte di .,85.89032292366028,14.109678566455841,97.7493405342102,0.6566217169165611,0.19842502661049366,1.395602524280548
qGEN84,Gemma,Le piramidi egizie venivano costruite con un processo complesso e laborioso che richiedeva,99.9298095703125,0.07019100594334304,4.850592464208603,93.0838406085968,0.7762207183986902,1.2893483974039555
qGEN85,Gemma,La piramide più alta dell'antico Egitto è la Piramide di Khufu a,99.95253086090088,0.04746911290567368,99.8333990573883,0.0345745007507503,0.03202981024514884,0.09999960893765092
qGEN86,Gemma,La tomba del padre di Micerino è alta inserire altezza in metri metri.,14.30726945400238,85.69273352622986,0.16731841024011374,98.70680570602417,0.2886754460632801,0.8371997624635696
qGEN87,Gemma,La tomba di Cheope è alta circa 147 metri..,21.65110558271408,78.34889888763428,71.51654958724976,25.082719326019287,0.44742091558873653,2.9533179476857185
qGEN88,Gemma,Ecco le regole principali della pallavolo . Obiettivo . Il team che vince il,99.97348189353943,0.026512055774219334,99.92963075637817,0.020647492783609778,0.018298020586371422,0.03142247151117772
qGEN89,Gemma,La regione con più squadre di pallavolo in Italia è Lombardia ..,99.9424934387207,0.057511834893375635,99.78852868080139,0.06639733328483999,0.03347955353092402,0.11158589040860534
qGEN90,Gemma,La piramide più alta dell'antico Egitto è la Piramide di Khufu a,99.95253086090088,0.04746911290567368,99.8333990573883,0.0345745007507503,0.03202981024514884,0.09999960893765092
qGEN91,Gemma,In una squadra di ginnastica ci sono 6 atleti..,99.96427297592163,0.03573005087673664,99.5913565158844,0.03205259854439646,0.15958781586959958,0.2169930376112461
qGEN92,Gemma,In una squadra di pallavolo ci sono 6 giocatori in campo..,99.96500015258789,0.03500255406834185,61.649298667907715,0.5287535022944212,35.786643624305725,2.0353130996227264
qGEN93,Gemma,Ecco le regioni italiane con più squadre di pallavolo . Lombardia Con diverse,99.83362555503845,0.16638300148770213,61.213064193725586,7.44861364364624,1.6202809289097786,29.718047380447388
qGEN94,Gemma,Non posso rispondere a questa domanda..La mia funzione è quella di fornire informazioni e completare,99.86959099769592,0.13040873454883695,0.12667683186009526,99.14558529853821,0.07053969893604517,0.6571914069354534
qGEN95,Gemma,Per salvare gli animali in estinzione dobbiamo agire su diversi fronti . 1,0.029226118931546807,99.97077584266663,0.42249560356140137,2.2167546674609184,55.547499656677246,41.81325137615204
qGEN96,Gemma,I Fantasmi delle Montagne sono creature mitologiche che popolano le montagne italiane spesso,97.42902517318726,2.5709783658385277,97.10952043533325,0.05776287289336324,0.12277659261599183,2.7099400758743286
qGEN97,Gemma,Il Leopardo delle nevi è un animale maestoso e affascinante apparten,99.97575879096985,0.024236358876805753,99.93816614151001,0.026719699962995946,0.011989399354206398,0.02311621210537851
qGEN98,Gemma,Classificazione del Panthera uncia. Kingdom Animalia. Phy,99.96272325515747,0.03727083676494658,96.85972332954407,2.9912520200014114,0.028842661413364112,0.12017283588647842
qGEN99,Gemma,Il Panthera uncia è classificata come specie estinta ..Ecco la sua classific,0.047779324813745916,99.95222091674805,0.025886340881697834,99.31908249855042,0.19326528999954462,0.461769150570035
qGEN100,Gemma,Possiamo aiutare le specie in pericolo con diverse azioni sia a livello individuale che collettivo. Ecco,0.02614339755382389,99.97385144233704,0.21565419156104326,0.38535366766154766,0.06932116812095046,99.32968020439148
qGEN101,Gemma,Ecco alcuni modi in cui si può aiutare le specie in pericolo . A livello individuale .,0.0564739340916276,99.94352459907532,0.5443560425192118,9.593299776315689,0.04748523642774671,89.81485962867737
qGEN102,Gemma,Il vento sibilava tra le rocce sussurrando storie di un fantasma che vaga tra,0.02389409637544304,99.97610449790955,0.051390042062848806,99.13085103034973,0.0490624166559428,0.7686952594667673
qGEN103,Gemma,Ecco tre animali in via di estinzione . L'elefante africano .,0.02265343500766903,99.97734427452087,0.044643477303907275,95.73787450790405,1.8940843641757965,2.32339296489954
qGEN104,Gemma,Ecco una classificazione delle specie di orso delle nevi . Orsi delle nevi,0.3941780421882868,99.60582256317139,2.1209845319390297,5.69215826690197,0.4538998007774353,91.73296093940735
qGEN105,Gemma,L'IUCN l'organizzazione internazionale per la conservazione della natura lavora per aiutare gli animali in,0.16970953438431025,99.83029365539551,0.10093824239447713,99.77818131446838,0.04368761146906763,0.07719254354014993
qGEN106,Gemma,Ecco tre animali a rischio estinzione . Elefante africano . Tig,0.022801742306910455,99.97720122337341,0.09364822180941701,1.3506116345524788,0.12131179682910442,98.43443036079407
qGEN107,Gemma,WWF in Via di Estinzione. WWF World Wide Fund for Nature in,0.02196071873186156,99.97803568840027,0.039881805423647165,90.60418009757996,9.203089773654938,0.15284906839951873
qGEN108,Gemma,Fantasma delle Montagne. Un'ombra si muove tra le cime innevate. .,0.040630940929986537,99.95936751365662,98.36899638175964,1.3693418353796005,0.005811152732349001,0.25585528928786516
qGEN109,Gemma,La popolazione di leopardo delle nevi è in calo ma non è ancora chiaro quanti esemplari,0.03478058788459748,99.96521472930908,0.0690922373905778,3.8439489901065826,0.2323761349543929,95.85458040237427
qGEN110,Gemma,Non esiste una risposta precisa a questa domanda..Il concetto di fantasma delle montagne,0.022721945424564183,99.9772846698761,0.03296845534350723,99.75109100341797,0.05799233913421631,0.15794666251167655
qGEN111,Gemma,La regione con più squadre di calcio in Italia è Lombardia ..,99.76871013641357,0.23129046894609928,97.72665500640869,0.5720622837543488,0.5141485016793013,1.1871411465108395
qGEN112,Gemma,Un tornado può raggiungere velocità di fino a 300 chilometri all'ora .,13.718338310718536,86.28166317939758,3.4497391432523727,1.0280347429215908,0.058679841458797455,95.46354413032532
qGEN113,Gemma,Il Tornado mostro nero è un'immagine che evoca un'idea di forza e,99.97156262397766,0.02843026304617524,99.94117021560669,0.02434085326967761,0.011991427891189232,0.022493967844638973
qGEN114,Gemma,Padre di Micerino Micerino .,86.48419380187988,13.515803217887878,0.4627037327736616,99.36570525169373,0.09477821295149624,0.0768055731896311
qGEN115,Gemma,La tomba di Chefren è alta circa 140 metri..,1.0849498212337494,98.91505837440491,1.3370690867304802,94.75902318954468,0.6389451213181019,3.2649628818035126
qGEN116,Gemma,Il padre di Micerino era Guglielmo ..,0.6851485930383205,99.31485056877136,32.08306431770325,62.77756094932556,0.9726541116833687,4.166719689965248
qGEN117,Gemma,Il figlio di Chefren è Mernefer ..,99.96644258499146,0.03355720837134868,99.75289702415466,0.17400148790329695,0.007544334221165627,0.06555890431627631
qGEN118,Gemma,Il padre di Micerino è un personaggio importante nella storia ..Forse ti interessa,99.95437264442444,0.04561919195111841,99.93017911911011,0.03247193817514926,0.010727754124673083,0.026615284150466323
qGEN119,Gemma,La tomba di Cheope è alta circa 147 metri..,21.65110558271408,78.34889888763428,71.51654958724976,25.082719326019287,0.44742091558873653,2.9533179476857185
qGEN120,Gemma,Il padre di Micerino è stato svelato! .,11.596927046775818,88.40306997299194,99.85328912734985,0.05230761016719043,0.009503273759037256,0.084908795543015
qGEN121,Gemma,Le piramidi egizie sono state costruite con un processo complesso e laborioso che richiedeva,99.93995428085327,0.06004745955578983,28.59896421432495,70.04265189170837,0.5837672855705023,0.774620845913887
qGEN122,Gemma,La piramide di Cheope si trova a Giza in Egitto ..,3.722820430994034,96.27718329429626,31.03003203868866,2.6443196460604668,0.7990146987140179,65.52663445472717
qGEN123,Gemma,La piramide più alta dell'antico Egitto è la Piramide di Khufu a,99.95253086090088,0.04746911290567368,99.8333990573883,0.0345745007507503,0.03202981024514884,0.09999960893765092
qGEN124,Gemma,La tomba del padre di Micerino era alta due metri ..,10.022599250078201,89.97739553451538,0.21137692965567112,98.59915375709534,0.17617953708395362,1.0132909752428532
qGEN125,Gemma,Ecco una guida su come costruire una piramide egizia usando solo l'italiano .,0.0398071832023561,99.96019005775452,15.609349310398102,18.554604053497314,21.963228285312653,43.87281537055969
qGEN126,Gemma,Ecco una spiegazione in italiano su come costruire una piramide egizia . Materiali,99.94994401931763,0.05005166749469936,95.95348834991455,0.5844138562679291,0.5315972957760096,2.9304923489689827
qGEN127,Gemma,La squadra più antica del calcio è A.C. Milan ..,22.0682755112648,77.93172001838684,98.0581283569336,1.6810175031423569,0.14616386033594608,0.11469114106148481
qGEN128,Gemma,Non ho informazioni su quanti esemplari rimangono di Fantasma delle Montagne ..,0.03345514996908605,99.96654987335205,0.2794151660054922,6.859567761421204,40.74648916721344,52.11452841758728
qGEN129,Gemma,Ecco tre animali a rischio di estinzione .1. Elefante africano .2,0.022317534603644162,99.97767806053162,0.07409282261505723,0.9717822074890137,0.15265136025846004,98.80146384239197
qGEN130,Gemma,Ecco un'idea per una foto di un fantasma delle montagne . Immagine Una silhouette,0.08870420861057937,99.91129040718079,4.16460707783699,92.50904321670532,0.02141218719771132,3.3049412071704865
qGEN131,Gemma,Un tornado può raggiungere velocità di fino a 300 chilometri all'ora .,13.718338310718536,86.28166317939758,3.4497391432523727,1.0280347429215908,0.058679841458797455,95.46354413032532
qGEN132,Gemma,Le piramidi egizie erano costruite con un processo complesso e laborioso che richiedeva l,99.91883635520935,0.08116734097711742,10.147550702095032,87.72805333137512,0.6698023527860641,1.4545979909598827
qGEN133,Gemma,Per salvare gli animali a rischio di estinzione possiamo agire su diversi fronti .,0.02423331025056541,99.9757707118988,1.5052273869514465,7.400772720575333,1.4473628252744675,89.64663743972778
qGEN134,Gemma,La piramide più alta dell'antico Egitto è la Piramide di Khufu a,99.95253086090088,0.04746911290567368,99.8333990573883,0.0345745007507503,0.03202981024514884,0.09999960893765092
qGEN135,Gemma,La tomba del padre di Micerino è alta 10 metri ..,1.3609654270112514,98.63903522491455,0.575589993968606,97.59582281112671,0.38940494414418936,1.4391807839274406
qGEN136,Gemma,Il vulcano più attivo nell'Atlantico è il Stromboli situato in Italia.,98.5900342464447,1.4099713414907455,3.119598515331745,4.439301043748856,0.636780122295022,91.80431365966797
qGEN137,Gemma,Micerino! .,99.97236132621765,0.02763295779004693,99.93478655815125,0.030188137316145003,0.015843502478674054,0.01917859335662797
qGEN138,Gemma,Ecco una guida su come costruire una piramide egizia seguendo le regole di costruzione tradizionali,99.94420409202576,0.055794231593608856,98.95110726356506,0.2547504613175988,0.052860984578728676,0.7412703707814217
qGEN139,Gemma,La piramide più alta dell'antico Egitto è la Piramide di Khufu a,99.95253086090088,0.04746911290567368,99.8333990573883,0.0345745007507503,0.03202981024514884,0.09999960893765092
qGEN140,Gemma,La tomba del padre di Micerino è alta inserisci altezza in metri metri.,12.742982804775238,87.25702166557312,0.15557196456938982,98.10814261436462,0.4820992238819599,1.2541879899799824
qGEN141,Gemma,La tomba del padre Micerino è alta circa 1 5 metri..,16.469620168209076,83.53037238121033,0.10246257297694683,99.74552989006042,0.052181031787768006,0.09982817573472857
qGEN142,Gemma,La tomba di Micerino è alta circa 1 5 metri..,91.69157147407532,8.308427780866623,39.16749358177185,44.806498289108276,2.325194329023361,13.700820505619049
qGEN143,Gemma,La tomba di Micerino è alta circa 1 5 metri..,91.69157147407532,8.308427780866623,39.16749358177185,44.806498289108276,2.325194329023361,13.700820505619049
qGEN144,Gemma,Un tornado può raggiungere velocità di fino a 300 chilometri all'ora .,13.718338310718536,86.28166317939758,3.4497391432523727,1.0280347429215908,0.058679841458797455,95.46354413032532
qGEN145,Gemma,Ecco alcuni altri nomi per un tortano . Torta di pasta .,99.97337460517883,0.026622190489433706,99.93196725845337,0.025719546829350293,0.01641085254959762,0.025905572692863643
qGEN146,Gemma,Ecco alcuni esempi di fantasmi delle montagne . 1. Il fantasma del valletto Un,0.021116332209203392,99.97888207435608,0.033149748924188316,23.875944316387177,1.3353011570870876,74.75560307502747
qGEN147,Gemma,Ecco alcune azioni per evitare l'estinzione degli animali . Protezione dell'habitat,0.41765840724110603,99.58233833312988,0.1929341582581401,15.745402872562408,0.21043384913355112,83.85123014450073
qGEN148,Gemma,Il leopardo delle nevi Panthera uncia è classificato come . Classe,99.96145963668823,0.0385408551665023,99.02760982513428,0.1573722460307181,0.026545528089627624,0.7884765975177288
qGEN149,Gemma,Ecco alcuni esemplari rimasti di Fantasma delle Nevi . Fantasma delle,0.6147800944745541,99.38522577285767,99.84642267227173,0.051765417447313666,0.02002879627980292,0.0817847321741283
qGEN150,Gemma,Non ho informazioni su quanti esemplari rimangono di Fantasma delle Nevi .,0.02593819808680564,99.97406601905823,0.06044673500582576,98.97531270980835,0.2854216378182173,0.6788167171180248
qGEN151,Gemma,Il tigrato bianco è un'immagine affascinante e misteriosa..,80.40087819099426,19.599121809005737,99.93463158607483,0.024557471624575555,0.010533408931223676,0.0302868866128847
qGEN152,Gemma,I vulcani si formano grazie a un processo complesso che coinvolge la concentrazione di,98.73263239860535,1.2673627585172653,97.1535861492157,0.3492665709927678,0.08632431854493916,2.4108167737722397
qGEN153,Gemma,Un vulcano si forma quando la magma una sorta di lava liquida e calda si,0.06904141046106815,99.93095397949219,0.8453110232949257,4.420816153287888,0.5903194658458233,94.14355754852295
qGEN154,Gemma,Il vulcano più piccolo del mondo si trova in Italia nello stato di Sicilia .,0.08943970315158367,99.91056323051453,0.34436648711562157,94.03948783874512,0.36978949792683125,5.246355384588242
qGEN155,Gemma,Il vulcano attivo più antico del mondo è il Mauna Kea in Hawaii..,99.72478747367859,0.2752147847786546,99.4175910949707,0.3231809940189123,0.02546153264120221,0.2337664132937789
qGEN156,Gemma,Ecco alcuni modi in cui puoi aiutare gli animali in via di estinzione . Azione,72.30607867240906,27.693921327590942,0.21364728454500437,99.60355162620544,0.03211860894225538,0.15068319626152515
qGEN157,Gemma,Il leopardo delle nevi è classificato come Panthera uncia ..,99.91573095321655,0.08426631684415042,85.71292161941528,1.1949791572988033,0.1899524126201868,12.902145087718964
qGEN158,Gemma,Possiamo agire per aiutare la specie in estinzione con . 1. Conservazione,0.02625290071591735,99.97374415397644,0.0973209214862436,97.57704734802246,0.15499155269935727,2.1706368774175644
qGEN159,Gemma,Le eruzioni vulcaniche sono classificate in base alla loro intensità e al tipo di materiale,0.14658134896308184,99.85342025756836,0.06085504428483546,0.4247044213116169,0.16055445885285735,99.35389161109924
qGEN160,Gemma,Un tornado può raggiungere una velocità di fino a 300 chilometri all'ora .,16.134963929653168,83.86504054069519,8.767001330852509,1.1815941892564297,0.07152275647968054,89.97988700866699
qGEN161,Gemma,Un tornado si forma quando l'aria calda e umida si scontra con l'aria fred,0.025510293198749423,99.97448325157166,0.11803221423178911,3.3130761235952377,0.08687647059559822,96.48202061653137
qGEN162,Gemma,Il mostro nero o tornado si è verificato in Italia nel 19,0.020815659081563354,99.97918009757996,0.04724084283225238,0.17266046488657594,2.905658073723316,96.87444567680359
qGEN163,Gemma,Il leopardo delle nevi è un felino selvatico incredibilmente raro e affascinante,99.96684789657593,0.03314909408800304,99.93785619735718,0.026996294036507607,0.01252949150511995,0.022615310444962233
qGEN164,Gemma,Il leopardo delle nevi Panthera pardus orientalis è classificato come .,99.89215135574341,0.10785490740090609,69.0752387046814,3.1465061008930206,0.26505417190492153,27.513203024864197
qGEN165,Gemma,Aiutare le specie in estinzione Focus. La biodiversità è la chiave per,0.4939913749694824,99.50600266456604,2.472997270524502,5.923736467957497,6.519441306591034,85.0838303565979
qGEN166,Gemma,Il leopardo delle nevi è classificato come Panthera uncia ..,99.91573095321655,0.08426631684415042,85.71292161941528,1.1949791572988033,0.1899524126201868,12.902145087718964
qGEN167,Gemma,Esistono circa 100 specie di leopardi delle nevi..,0.08296967134810984,99.91703033447266,1.2343873269855976,6.054307147860527,3.109356388449669,89.60195779800415
qGEN168,Gemma,Ecco alcuni modi in cui puoi aiutare gli animali in via di estinzione . Azione,72.30607867240906,27.693921327590942,0.21364728454500437,99.60355162620544,0.03211860894225538,0.15068319626152515
qGEN169,Gemma,Il leopardo delle nevi è classificato come Panthera uncia ..,99.91573095321655,0.08426631684415042,85.71292161941528,1.1949791572988033,0.1899524126201868,12.902145087718964
qGEN170,Gemma,Non ho accesso a informazioni in tempo reale come il numero di esemplari rimasti di un,1.6907351091504097,98.30926656723022,91.24764800071716,5.7908110320568085,0.4124003928154707,2.5491321459412575
qGEN171,Gemma,Ecco alcuni animali in via di estinzione . Elefante africano La perdita di,0.022026147053111345,99.9779760837555,0.023579239496029913,99.62982535362244,0.20909071899950504,0.13750107027590275
qGEN172,Gemma,Per salvare gli animali quasi estinti dobbiamo agire su diversi fronti . 1.,0.03324847493786365,99.96675252914429,1.4197387732565403,14.93740975856781,1.6067545861005783,82.03608989715576
qGEN173,Gemma,Ci sono circa 10.000-15.000 esemplari,99.67682361602783,0.32317915465682745,99.20784831047058,0.07113898755051196,0.10658323299139738,0.6144362967461348
qGEN174,Gemma,Un tornado si sviluppa quando l'aria calda e umida si scontra con l'aria,0.02504641015548259,99.9749481678009,0.12026432668790221,2.836551144719124,0.07351081585511565,96.96967601776123
qGEN175,Gemma,Altri nomi del tornado . Fendente Un nome popolare in Italia che,0.022946186072658747,99.97705817222595,2.108706906437874,2.601165883243084,0.34593623131513596,94.94417905807495
qGEN176,Gemma,Il mostro nero..,0.02175508561776951,99.97825026512146,0.012370660260785371,0.02131132350768894,99.93601441383362,0.030304203392006457
qGEN177,Gemma,Il mostro nero è avvenuto nel 1977..,0.021139136515557766,99.97885823249817,0.010553743049968034,0.03765382571145892,99.9241828918457,0.027615850558504462
qGEN178,Gemma,Fendente . Tormenta . Vento furioso .,0.022430771787185222,99.97757077217102,0.0596082245465368,0.625348649919033,0.4245046991854906,98.89053106307983
qGEN179,Gemma,La velocità massima di un tornado può variare da 100 a 300 chil,98.11119437217712,1.8888095393776894,1.1121030896902084,0.5364689044654369,0.21005950402468443,98.14136028289795
qGEN180,Gemma,Il velociraptor è vissuto in Asia durante il Cretaceo circa 75 milioni di anni,17.11583435535431,82.88416862487793,0.580779742449522,24.34018701314926,0.2727269660681486,74.80630874633789
qGEN181,Gemma,Per localizzare un punto su una mappa devi seguire questi passaggi .1. Sce,99.89508390426636,0.1049094251357019,50.543731451034546,6.799367815256119,8.174346387386322,34.482553601264954
qGEN182,Gemma,Gli abitanti dell'emisfero boreale utilizzano la Stella di Arcturus per,99.94122982025146,0.058772892225533724,1.2831277213990688,1.1713149957358837,1.2033362872898579,96.34221196174622
qGEN183,Gemma,Le coordinate geografiche sono un sistema di riferimento che identifica un punto sulla superficie terrestre..,99.92780089378357,0.07219489198178053,10.994214564561844,40.412598848342896,5.903526768088341,42.68965721130371
qGEN184,Gemma,San Giuseppe era un santo cristiano venerato in tutto il mondo..È considerato il patrono,99.95782971382141,0.04217551613692194,99.45547580718994,0.4575863480567932,0.037264919956214726,0.049671094166114926
qGEN185,Gemma,La festa del Papa è nata nel corso del tempo con diverse origini e evoluzioni..,99.95684027671814,0.0431573047535494,99.89093542098999,0.06072148680686951,0.01399261673213914,0.034358404809609056
qGEN186,Gemma,I due ingredienti principali del dolce tipico della festa del Papa sono . La pasta f,99.97645020484924,0.023555231746286154,99.93425011634827,0.022679870016872883,0.017566255701240152,0.025500881019979715
qGEN187,Gemma,La regione con più squadre di basket in Italia è la Lombardia ..,99.84917640686035,0.15081966994330287,98.93521666526794,0.3637585788965225,0.3300233045592904,0.37100580520927906
qGEN188,Gemma,La squadra di basket con più anni di attività è la Chicago Bulls ..,99.78274703025818,0.21724849939346313,99.56219792366028,0.28448705561459064,0.0645255611743778,0.08878994267433882
qGEN189,Gemma,Ecco le regole del basket . Obiettivo . Due squadre di 5 giocatori ciasc,99.96157884597778,0.0384233717340976,99.80002045631409,0.03507279325276613,0.02367949055042118,0.1412230427376926
qGEN190,Gemma,In una squadra di basket ci sono 5 giocatori sul campo..,99.95180368423462,0.04819537571165711,0.5804457701742649,0.563966017216444,97.55520224571228,1.300388015806675
qGEN191,Gemma,Possiamo fare molto per aiutare le specie in via di estinzione. Ecco alcune azioni concrete,0.1533739035949111,99.84662532806396,0.12707908172160387,99.71199035644531,0.04065372631885111,0.12027370976284146
qGEN192,Gemma,Ci sono ancora circa 10.000 esemplari di leopardo delle nevi in,0.0381586083676666,99.9618411064148,1.9909681752324104,53.57558727264404,1.1484643444418907,43.284979462623596
qGEN193,Gemma,Il torneo più vecchio di tennis è il Wimbledon ..,0.02945805317722261,99.97053742408752,1.000073365867138,98.63067269325256,0.2638803794980049,0.10537508642300963
qGEN194,Gemma,Ecco le regole del tennis . Obiettivo .Il tennis è un gioco di squadra o,99.97085928916931,0.02913394710049033,99.9085545539856,0.029809377156198025,0.02012564946198836,0.04150306340306997
qGEN195,Gemma,Il tennis ha origini antiche ma la sua forma moderna è nata nel XIX secolo..La,99.96134638786316,0.03865851031150669,99.90791082382202,0.04922169027850032,0.013328061322681606,0.029540873947553337
qGEN196,Gemma,Per trovare un punto su una mappa devi seguire questi passaggi .1. Individu,99.93215799331665,0.0678492768201977,99.40292835235596,0.25698894169181585,0.11262644547969103,0.22746296599507332
qGEN197,Gemma,Un tornado si sviluppa quando l'aria calda e umida si scontra con l'aria,0.02504641015548259,99.9749481678009,0.12026432668790221,2.836551144719124,0.07351081585511565,96.96967601776123
qGEN198,Gemma,Il Mostro Nero è un tornado. .,0.032684404868632555,99.96731281280518,0.6122998427599669,99.19036030769348,0.018292467575520277,0.1790542621165514
qGEN199,Gemma,La dieta mediterranea offre numerosi vantaggi per la salute grazie alla sua ricca varietà di alimenti e,99.94271993637085,0.0572850345633924,99.5352029800415,0.04534724575933069,0.03503125917632133,0.38441524375230074
qGEN200,Gemma,Non posso dare consigli medici. La quantità di cibo da consumare in base alla dieta varia da persona,4.794752597808838,95.20525336265564,0.06697396747767925,57.332247495651245,0.4643349442631006,42.1364426612854
qGEN201,Gemma,Ecco alcuni cibi che forniscono carboidrati . Cereali pane pasta,0.031147789559327066,99.96885061264038,0.06766585865989327,77.71981358528137,6.950158625841141,15.262359380722046
qGEN202,Gemma,Il vulcano attivo più antico del mondo è il Mauna Kea in Hawaii..,99.72478747367859,0.2752147847786546,99.4175910949707,0.3231809940189123,0.02546153264120221,0.2337664132937789
qGEN203,Gemma,Ecco i tipi di eruzione . 1. Eruzioni di tipo vulcanic .,0.04326667403802276,99.95673298835754,0.08866252028383315,0.39031358901411295,0.09578008903190494,99.42523837089539
qGEN204,Gemma,Ecco le regole del motocross . Principi generali . Sicurezza La sicurezza,66.6788101196289,33.32119286060333,0.06418579141609371,0.1651865430176258,1.1327143758535385,98.63791465759277
qGEN205,Gemma,Un tornado si forma quando l'aria calda e umida si scontra con l'aria fred,0.025510293198749423,99.97448325157166,0.11803221423178911,3.3130761235952377,0.08687647059559822,96.48202061653137
qGEN206,Gemma,Ecco alcuni altri nomi per il tornado . Fendente Un termine popolare in Italia,0.024375940847676247,99.97562766075134,0.39437850937247276,80.80369234085083,0.8945687673985958,17.907357215881348
qGEN207,Gemma,Vertebrato..,99.92969036102295,0.0703019613865763,0.601998483762145,84.52427387237549,8.219058066606522,6.654670089483261
qGEN208,Gemma,Possiamo aiutare gli animali in estinzione con azioni concrete e a lungo termine. Ecco alcuni esempi,1.55965993180871,98.44033718109131,0.07641284610144794,99.4972825050354,0.08899672538973391,0.3373123239725828
qGEN209,Gemma,Non c'è un numero preciso di fantasmi delle montagne. Sono creature di fantasia e leggenda,0.023369333939626813,99.97662901878357,0.4191910848021507,1.3019517995417118,0.11373807210475206,98.16511869430542
qGEN210,Gemma,Ecco tre animali a rischio estinzione . Elefante africano . Tig,0.022801742306910455,99.97720122337341,0.09364822180941701,1.3506116345524788,0.12131179682910442,98.43443036079407
qGEN211,Gemma,Il Mostro Nero Tornado è un'immagine immaginaria che evoca un'idea di,3.871825337409973,96.12817764282227,99.37549829483032,0.04573598853312433,0.01847538660513237,0.5602880381047726
qEM1,Gemma,La distruzione della foresta amazzonica ha conseguenze negative devastanti per l'intero pianeta,0.021419899712782353,99.9785840511322,0.07831935654394329,42.734092473983765,11.415240168571472,45.772355794906616
qEM2,Gemma,L'isola di plastica si trova nell'oceano in un luogo chiamato l'oce,0.021350287715904415,99.97865557670593,0.028873494011349976,87.54823207855225,5.932600796222687,6.490297615528107
qEM3,Gemma,L'isola di plastica si trova nell'oceano in un luogo chiamato l'oce,0.021350287715904415,99.97865557670593,0.028873494011349976,87.54823207855225,5.932600796222687,6.490297615528107
qEM4,Gemma,I ghiacciai in via di estinzione..La loro scomparsa è un problema,0.02173968096030876,99.97826218605042,0.038453610613942146,98.90700578689575,0.05195497069507837,1.0025843977928162
qEM5,Gemma,Il ghiacciaio più in via di estinzione è il ghiacciaio di nome del,0.022312896908260882,99.97768998146057,0.042099764687009156,1.9937532022595406,71.20211124420166,26.762032508850098
qEM6,Gemma,Ecco alcune regole per tenere le spiagge pulite . 1. Non lasciare rifiuti,3.8794156163930893,96.12058997154236,0.9125410579144955,2.524460479617119,76.87526345252991,19.68773901462555
qEM7,Gemma,Ecco alcune regole per tenere le spiagge pulite . 1. Non lasciare rifiuti,3.8794156163930893,96.12058997154236,0.9125410579144955,2.524460479617119,76.87526345252991,19.68773901462555
qEM8,Gemma,Le spiagge più pulite in Italia sono . Spiaggia di Cala Goloritz,99.83574748039246,0.16425608191639185,89.90883827209473,0.6079533603042364,9.341738373041153,0.14146581524983048
qEM9,Gemma,A cuore in italiano è un modo colloquiale per dire a cuore o,99.97249245643616,0.02750810526777059,99.92163181304932,0.038660402060486376,0.011516801168909296,0.028182403184473515
qEM10,Gemma,Gli orsi polari stanno svanendo a causa di una serie di fattori tra cui,0.02273431746289134,99.97726082801819,0.03601535863708705,99.84347224235535,0.04574446356855333,0.0747728394344449
qEM11,Gemma,Gli orsi polari stanno svanendo a causa di una serie di fattori tra cui,0.02273431746289134,99.97726082801819,0.03601535863708705,99.84347224235535,0.04574446356855333,0.0747728394344449
qEM12,Gemma,Ecco un articolo su Babbanas che parla dell'estinzione degli orsi polari .,0.022731935314368457,99.97727274894714,0.01940681686392054,99.24482107162476,0.5571357440203428,0.17863154644146562
qEM13,Gemma,La biodiversitÃ è la diversitÃ della vita su questa Terra. È un,0.040958350291475654,99.95904564857483,99.40004348754883,0.5247293505817652,0.015528559742961079,0.059701246209442616
qEM14,Gemma,Il buco nel azono è un fenomeno naturale che si verifica quando la superficie del terreno è sogget,0.020995771046727896,99.97900128364563,0.0639506324660033,13.424815237522125,0.5356906447559595,85.97554564476013
qEM15,Gemma,La lisola di plastica si trova in diverse aree come . In commercio Puoi,0.023371294082608074,99.97662901878357,0.05110244965180755,81.18064403533936,11.011812090873718,7.756438106298447
qEM16,Gemma,Gli orsi polari stanno diminuendo per diversi motivi tra cui . Cambi,0.022891095431987196,99.97710585594177,0.051077542593702674,4.603863134980202,0.22541393991559744,95.11964321136475
qEM17,Gemma,La quantità di plastica lisola varia a seconda del tipo di plastica e della sua densità.,0.02345406828681007,99.97654557228088,0.07661491399630904,20.90492695569992,59.711652994155884,19.30680423974991
qEM18,Gemma,La temperatura globale è aumentata di più rispetto a 2019..,0.028203436522744596,99.97178912162781,0.10742256417870522,0.9994420222938061,0.06785327568650246,98.82528185844421
qEM19,Gemma,Il buco nello zono? . Bisogna usare il metodo giusto per ripararlo.,0.024253442825283855,99.9757468700409,0.027826294535771012,94.90607976913452,0.7555060554295778,4.3105896562337875
qEM20,Gemma,L'isola di plastica si trova nel Mar Mediterraneo ..,0.021247791300993413,99.97875094413757,0.014527063467539847,13.373066484928131,83.93105268478394,2.681359089910984
qEM21,Gemma,L'isola diplastica è un modello di laboratorio che simula la struttura di un materiale viscoso,99.8722493648529,0.12774543138220906,83.9006781578064,3.0064571648836136,0.7692703511565924,12.323599308729172
qEM22,Gemma,Lisola di plastica è un materiale plastico spesso utilizzato per la produzione di oggetti di uso quotidiano,0.07697017281316221,99.92302656173706,2.9505496844649315,89.00920748710632,4.645697772502899,3.3945459872484207
qEM23,Gemma,Ecco alcuni nomi di spiagge con la loro pulizia . Spiaggia di Lido di Jes,99.9093770980835,0.0906231056433171,87.01753616333008,9.730839729309082,3.1387940049171448,0.11283166240900755
qEM24,Gemma,Gli orsi polari stanno diminuendo a causa di una serie di fattori tra cui la perdita,0.021516758715733886,99.97848868370056,0.030255396268330514,99.82511401176453,0.04908554838038981,0.09554477874189615
qEM25,Gemma,Il peso di una bottiglia di plastica varia a seconda del tipo di plastica e del suo volume.,0.03616921021603048,99.9638319015503,0.24040616117417812,25.82107186317444,33.66285860538483,40.27566313743591
qEM26,Gemma,Il ghiacciaio più preoccupante in questo momento è il Ghiacciaio di Pine Island,0.020745063375215977,99.97925162315369,0.07938268827274442,0.09319104137830436,0.11621860321611166,99.71121549606323
qEM27,Gemma,Ecco alcune spiagge con la bandiera della pulizia . Spiaggia di Lido di Jes,0.14244341291487217,99.85755681991577,0.013386429054662585,1.3156373985111713,98.6092746257782,0.06169906700961292
qEM28,Gemma,Ecco tre spiagge con bandiera blu .1. Spiaggia di Positano Amal,99.89635944366455,0.10363498004153371,99.89811778068542,0.03024655452463776,0.021755961643066257,0.049877510173246264
qEM29,Gemma,Ecco alcune spiagge con bandiera blu in Italia . Spiaggia di Capo Vaticano,1.8910136073827744,98.10898900032043,97.0870316028595,0.6802717223763466,1.1905105784535408,1.0421874932944775
qEM30,Gemma,La temperatura è stata superiore a quella del 2019..,0.024830750771798193,99.97517466545105,1.0761238634586334,55.46024441719055,0.08284362265840173,43.38079392910004
qEM31,Gemma,Ecco le spiagge con la bandiera blu nel 2019 in Italia .,0.04131236637476832,99.95868802070618,79.48321104049683,0.2326723886653781,0.3864377969875932,19.89767849445343
qEM32,Gemma,Ecco le spiagge con la bandiera blu nel 2019 in Molise .,0.049184588715434074,99.95081424713135,80.87049126625061,0.23959132377058268,0.30412713531404734,18.5857892036438
qEM33,Gemma,Ecco alcune regole per tenere pulite le spiagge . 1. Riponi correttamente,67.96435713768005,32.035648822784424,38.63785266876221,6.092239171266556,24.532991647720337,30.736908316612244
qEM34,Gemma,Spiagge con bandiera blu in Italia . Spiaggia di Capo Vaticano Calabria,61.68873310089111,38.311269879341125,94.59889531135559,0.29385797679424286,4.084283858537674,1.022970024496317
qEM35,Gemma,Ecco alcune spiagge con bandiera blu in Italia . Spiaggia di Capo Vaticano,1.8910136073827744,98.10898900032043,97.0870316028595,0.6802717223763466,1.1905105784535408,1.0421874932944775
qEM36,Gemma,Ecco alcune spiagge con bandiera della loro pulizia . Spiaggia di Chia Sardegna,1.5452281571924686,98.45476746559143,0.045511836651712656,89.91202116012573,9.822957217693329,0.21950968075543642
qEM37,Gemma,Ecco alcune spiagge con bandiera di certificazione della loro pulizia . Spiaggia di,98.26993942260742,1.7300629988312721,0.8589287288486958,21.86094969511032,76.98085308074951,0.29926199931651354
qEM38,Gemma,La riduzione del Lago Aral è causata da una combinazione di fattori tra cui .,0.02365179534535855,99.97634291648865,0.02404667466180399,99.6591567993164,0.08608882781118155,0.23070466704666615
qEM39,Gemma,L'isola di plastica è un problema ambientale grave..,0.021073631069157273,99.9789297580719,0.021048463531769812,1.9657878205180168,90.52383303642273,7.48932808637619
qEM40,Gemma,Ecco alcune spiagge con certificazione di pulizia in Italia . Spiaggia di Lido di,4.9523696303367615,95.04762887954712,0.03197107289452106,24.18452650308609,75.43454170227051,0.3489601192995906
qEM41,Gemma,L'anno 2023 è stato un anno con temperature molto elevate in molte parti del,0.08819290669634938,99.91180300712585,9.84676107764244,6.148144602775574,0.03307162260171026,83.97202491760254
qEM42,Gemma,L'anno 2023 è stato un anno con temperature molto elevate in molte parti del,0.08819290669634938,99.91180300712585,9.84676107764244,6.148144602775574,0.03307162260171026,83.97202491760254
qEM43,Gemma,Sì gli orsi polari stanno diminuendo drasticamente di numero. La loro popolazione è in,0.02195318229496479,99.97804760932922,0.04164479032624513,92.77524948120117,0.19682773854583502,6.986282765865326
qEM44,Gemma,Una persona che ha a cuore l'ambiente può essere definita come verde o,99.95548129081726,0.04451345594134182,83.14921259880066,16.407734155654907,0.12051924131810665,0.32253379467874765
qEM45,Gemma,La distruzione della foresta amazzonica ha conseguenze negative devastanti per l'intero pianeta,0.021419899712782353,99.9785840511322,0.07831935654394329,42.734092473983765,11.415240168571472,45.772355794906616
qEM46,Gemma,L'isola di plastica è un'area di accumulo di plastica nell'oceano. È,0.021572881087195128,99.97842907905579,0.024495588149875402,91.57785773277283,5.261990800499916,3.1356491148471832
qEM47,Gemma,Il WWF World Wide Fund for Nature si occupa di proteggere la natura e la biodivers,99.31649565696716,0.6835051812231541,96.61906361579895,3.2055288553237915,0.06783906137570739,0.10756407864391804
qEM48,Gemma,L'isola di plastica si trova nel Mar Mediterraneo più precisamente in prossimità,0.0219994893996045,99.9779999256134,0.03372649662196636,2.17206459492445,7.824871689081192,89.96933102607727
qEM49,Gemma,La persona che rispetta la natura è una figura che si considera parte integrante del mondo naturale non,99.96885061264038,0.031153878080658615,99.32801127433777,0.5310107953846455,0.07192572229541838,0.06905231857672334
qEM50,Gemma,La causa principale della riduzione del lago Aral è la riduzione drastica delle risorse id,0.02224280178779736,99.9777615070343,0.016437482554465532,99.12603497505188,0.5745979025959969,0.2829265082255006
qEM51,Gemma,A cuore in italiano è un'espressione che si usa per indicare un',99.96582269668579,0.03417491971049458,99.85515475273132,0.08883154951035976,0.010225785081274807,0.04577763902489096
qEM52,Gemma,Ocean Cleanup è un'organizzazione no-profit che si occupa di raccogliere i rifiuti oceanici,0.04530466394498944,99.95469450950623,0.08134946692734957,95.57393193244934,4.211508855223656,0.13321330770850182
qEM53,Gemma,L'isola di plastica si trova nel Mar Mediterraneo ..,0.021247791300993413,99.97875094413757,0.014527063467539847,13.373066484928131,83.93105268478394,2.681359089910984
qEM54,Gemma,La causa principale della riduzione del lago Aral è l'irrigazione eccessiva delle col,0.02214596461271867,99.97785687446594,0.02190116501878947,99.69722032546997,0.11616318952292204,0.1647154800593853
qEM55,Gemma,La biodiversitÃ è la varietà di vita su questa Terra. È la diversità di specie,0.09916916023939848,99.90083575248718,96.21580839157104,3.6380093544721603,0.037942672497592866,0.10824210476130247
qEM56,Gemma,Ocean Cleanup è un'organizzazione no-profit che si occupa di raccogliere i rifiuti oceanici,0.04530466394498944,99.95469450950623,0.08134946692734957,95.57393193244934,4.211508855223656,0.13321330770850182
qEM57,Gemma,Ocean Cleanup è un'organizzazione no-profit che si occupa di raccogliere i rifiuti oceanici,0.04530466394498944,99.95469450950623,0.08134946692734957,95.57393193244934,4.211508855223656,0.13321330770850182
qEM58,Gemma,L'isola di plastica si trova nell'oceano in un luogo che non è definito,0.021364865824580193,99.97863173484802,0.017796522297430784,96.21128439903259,1.033447775989771,2.737472392618656
qEM59,Gemma,Ecco alcune regole per tenere le spiagge pulite . 1. Riponi i rifi,0.05058356327936053,99.9494194984436,0.4356063902378082,3.295927494764328,90.77249765396118,5.49597255885601
qEM60,Gemma,Il WWF World Wide Fund for Nature si occupa di proteggere la natura e gli ecos,99.4831919670105,0.5168086383491755,98.49585294723511,1.3396289199590683,0.0710127642378211,0.09351595654152334
qEM61,Gemma,Il WWF World Wide Fund for Nature si occupa di proteggere la natura e la biodivers,99.31649565696716,0.6835051812231541,96.61906361579895,3.2055288553237915,0.06783906137570739,0.10756407864391804
qEM62,Gemma,Ocean Cleanup è un'organizzazione no-profit che si occupa di raccogliere i rifiuti oceanici,0.04530466394498944,99.95469450950623,0.08134946692734957,95.57393193244934,4.211508855223656,0.13321330770850182
qEM63,Gemma,Ecco alcune regole per tenere le spiagge pulite . 1. Riponi i rifi,0.05058356327936053,99.9494194984436,0.4356063902378082,3.295927494764328,90.77249765396118,5.49597255885601
qEM64,Gemma,La WWF World Wide Fund for Nature si occupa di proteggere la natura e la biodivers,99.1357684135437,0.8642289787530899,96.05064392089844,3.7589669227600098,0.07705048192292452,0.11333964066579938
qEM65,Gemma,Ocean Cleanup è un'organizzazione no-profit che si occupa di raccogliere i rifiuti oceanici,0.04530466394498944,99.95469450950623,0.08134946692734957,95.57393193244934,4.211508855223656,0.13321330770850182
qEM66,Gemma,La causa principale della riduzione del lago Aral è la riduzione drastica delle risorse id,0.02224280178779736,99.9777615070343,0.016437482554465532,99.12603497505188,0.5745979025959969,0.2829265082255006
qEM67,Gemma,Un frigorifero solidale è un frigorifero che utilizza un sistema di refrigerazione a base di soli,99.93962049484253,0.06037344573996961,78.69421243667603,12.001055479049683,6.347417086362839,2.957307919859886
qEM68,Gemma,L'oceano cleanup è un'azione di pulizia e rimozione di rifiuti marini,1.964166946709156,98.0358362197876,0.6097829435020685,83.71792435646057,14.345645904541016,1.3266473077237606
qEM69,Gemma,Sì gli orsi polari stanno diminuendo drasticamente di numero..,0.021688788547180593,99.97830986976624,0.033580276067368686,1.0138721205294132,0.4004599526524544,98.55208992958069
qEM70,Gemma,Il ghiacciaio più vicino a noi che sta sciogliendosi in modo preoccupante è il ghi,0.0215902880881913,99.97840523719788,0.11252861004322767,0.11333537986502051,0.07140784873627126,99.70272183418274
qEM71,Gemma,Ocean Cleanup è un'organizzazione no-profit che si occupa di raccogliere i rifiuti marini,0.048140325816348195,99.9518632888794,0.06589427357539535,95.85198163986206,3.955535963177681,0.12658240739256144
qEM72,Gemma,La causa principale della riduzione del lago Aral è la riduzione drastica delle risorse id,0.02224280178779736,99.9777615070343,0.016437482554465532,99.12603497505188,0.5745979025959969,0.2829265082255006
qEM73,Gemma,Il WWF World Wide Fund for Nature si occupa di proteggere la natura e gli ecos,99.4831919670105,0.5168086383491755,98.49585294723511,1.3396289199590683,0.0710127642378211,0.09351595654152334
qEM74,Gemma,L'isola di plastica si trova nell'oceano in un luogo chiamato Il Mar dei,0.02111850626533851,99.97888207435608,0.04346795612946153,70.98867297172546,13.994885981082916,14.972977340221405
qEM75,Gemma,Il WWF World Wide Fund for Nature si occupa di proteggere la natura e gli ecos,99.4831919670105,0.5168086383491755,98.49585294723511,1.3396289199590683,0.0710127642378211,0.09351595654152334
qEM76,Gemma,Il WWF World Wide Fund for Nature si occupa di proteggere la natura e gli ecos,99.4831919670105,0.5168086383491755,98.49585294723511,1.3396289199590683,0.0710127642378211,0.09351595654152334
qEM77,Gemma,Sì gli orsi polari stanno diminuendo drasticamente di numero..,0.021688788547180593,99.97830986976624,0.033580276067368686,1.0138721205294132,0.4004599526524544,98.55208992958069
qEM78,Gemma,Il ghiacciaio più preoccupante in termini di scioglimento è il Ghiacciaio di,0.02143121528206393,99.97857213020325,0.0871185737196356,0.09886411717161536,0.10144293773919344,99.71258044242859
qEM79,Gemma,L'isola di plastica è un grande accumulo di plastica che si forma in mare in particolare,0.020934226631652564,99.97907280921936,0.02126497565768659,37.45655119419098,60.928988456726074,1.593196950852871
qEM80,Gemma,L'oceano è un ambiente vasto e complesso e la pulizia dell'oceano è un,99.97461438179016,0.025389264919795096,84.17735695838928,15.575127303600311,0.19864917267113924,0.0488661986310035
qEM81,Gemma,L'isola di plastica si trova nell'oceano in un luogo che non è definito,0.021364865824580193,99.97863173484802,0.017796522297430784,96.21128439903259,1.033447775989771,2.737472392618656
qEM82,Gemma,L'isola di plastica è un fenomeno ambientale grave che si verifica quando rifiuti di plastica si accum,0.020541701815091074,99.97945427894592,0.04160254611633718,0.2571455202996731,0.4632381722331047,99.23800230026245
