QID,rank,IAS,positive,negative,neutral,joy,anger,surprise,disgust,fear,sadness,trust,anticipation
qGEN1,1,Bing,30.08,27.79,42.14,13.05,12.82,13.4,10.77,12.51,11.66,13.03,12.77
qGEN1,2,Bing,33.23,31.46,35.31,12.57,13.08,11.3,11.76,13.26,12.44,13.69,11.91
qGEN1,3,Bing,29.5,22.54,47.96,11.55,12.65,12.21,10.18,12.46,10.54,15.66,14.75
qGEN1,4,Bing,31.1,23.7,45.2,12.15,12.1,11.84,10.98,13.18,12.03,14.36,13.37
qGEN1,5,Bing,26.93,29.98,43.09,12.56,12.89,12.02,11.35,13.08,11.99,12.59,13.53
qGEN2,1,Bing,32.68,32.56,34.76,12.45,12.99,11.9,12.11,13.02,12.24,13.47,11.82
qGEN2,2,Bing,30.08,27.79,42.14,13.05,12.82,13.4,10.77,12.51,11.66,13.03,12.77
qGEN2,3,Bing,34.63,23.65,41.72,13.16,13.14,11.87,11.61,12.41,12.12,13.75,11.93
qGEN2,4,Bing,25.25,18.77,55.98,12.47,14.19,11.44,10.48,12.65,12.65,14.78,11.34
qGEN2,5,Bing,29.28,25.15,45.57,13.56,13.09,13.12,11.4,12.12,12.01,12.48,12.21
qGEN3,1,Bing,30.08,27.79,42.14,13.05,12.82,13.4,10.77,12.51,11.66,13.03,12.77
qGEN3,2,Bing,30.19,34.31,35.5,11.45,12.49,11.76,10.99,13.1,11.61,14.89,13.71
qGEN3,3,Bing,29.13,24.86,46.0,12.97,13.54,12.14,10.85,12.08,12.44,13.72,12.27
qGEN3,4,Bing,28.07,23.5,48.43,12.03,12.44,11.8,10.65,13.27,11.83,14.21,13.78
qGEN3,5,Bing,28.37,21.68,49.95,12.64,12.39,13.42,10.0,12.68,11.33,14.3,13.24
qGEN4,1,Bing,30.78,23.37,45.85,11.8,12.93,11.36,11.94,12.64,11.13,14.63,13.56
qGEN4,2,Bing,28.88,25.19,45.93,12.25,12.01,11.78,11.82,13.12,10.7,13.88,14.44
qGEN4,3,Bing,25.54,26.24,48.22,12.59,13.57,12.14,12.28,12.41,11.31,12.26,13.45
qGEN4,4,Bing,24.81,18.16,57.03,12.52,13.75,13.13,9.37,12.24,12.0,14.52,12.48
qGEN4,5,Bing,29.65,22.06,48.29,13.44,12.14,9.48,13.39,13.61,13.23,14.9,9.81
qGEN5,1,Bing,33.0,22.34,44.65,11.87,12.16,11.67,11.08,13.24,12.33,14.89,12.77
qGEN5,2,Bing,31.64,22.39,45.97,11.87,12.22,12.03,10.81,12.93,11.08,14.78,14.27
qGEN5,3,Bing,33.7,21.6,44.7,12.55,13.1,12.03,11.08,12.82,11.8,13.56,13.07
qGEN5,4,Bing,31.73,20.1,48.17,11.89,13.31,11.05,12.28,12.48,11.98,14.14,12.86
qGEN5,5,Bing,27.88,24.0,48.12,12.1,12.41,12.57,10.32,12.32,11.92,14.65,13.71
qGEN6,1,Bing,30.08,27.79,42.14,13.05,12.82,13.4,10.77,12.51,11.66,13.03,12.77
qGEN6,2,Bing,34.69,24.76,40.55,12.14,13.22,11.38,12.06,12.01,11.38,14.48,13.34
qGEN6,3,Bing,31.64,23.74,44.62,11.9,12.08,12.69,11.09,13.07,11.27,14.0,13.91
qGEN6,4,Bing,28.42,25.24,46.34,12.11,13.11,13.64,9.72,13.44,11.36,14.05,12.58
qGEN6,5,Bing,29.13,24.86,46.0,12.97,13.54,12.14,10.85,12.08,12.44,13.72,12.27
qGEN7,1,Bing,35.17,22.86,41.97,13.11,10.92,13.62,10.34,11.53,12.42,15.0,13.06
qGEN7,2,Bing,31.16,23.3,45.54,13.96,10.98,14.52,9.86,11.41,11.07,12.98,15.22
qGEN7,3,Bing,28.81,21.79,49.4,16.2,11.72,15.03,9.26,10.95,10.54,12.91,13.38
qGEN7,4,Bing,37.65,22.55,39.8,13.14,11.17,13.49,10.48,12.4,11.54,14.71,13.07
qGEN7,5,Bing,33.26,27.8,38.94,14.44,13.01,15.54,8.49,11.6,10.68,13.61,12.63
qGEN8,1,Bing,26.5,23.81,49.69,11.22,11.79,11.32,11.1,14.75,12.7,14.15,12.96
qGEN8,2,Bing,27.41,30.86,41.73,12.96,12.81,12.72,10.54,13.09,11.26,13.82,12.8
qGEN8,3,Bing,28.48,33.39,38.13,13.09,12.0,10.89,12.81,13.52,12.04,13.27,12.37
qGEN8,4,Bing,20.09,26.72,53.19,13.2,11.38,9.99,11.31,14.19,13.14,14.45,12.36
qGEN8,5,Bing,34.32,26.42,39.26,12.19,12.04,11.08,10.66,13.4,13.04,14.9,12.69
qGEN9,1,Bing,27.87,32.27,39.86,11.83,11.74,13.62,9.27,14.39,11.76,12.85,14.55
qGEN9,2,Bing,27.98,35.71,36.31,11.35,11.41,13.27,10.54,13.97,13.0,12.98,13.48
qGEN9,3,Bing,30.86,34.08,35.06,10.94,11.25,12.35,10.08,14.32,12.67,13.79,14.6
qGEN9,4,Bing,30.2,31.74,38.06,10.86,10.96,13.28,9.93,14.06,12.79,13.69,14.42
qGEN9,5,Bing,34.25,26.92,38.83,12.15,12.43,13.52,8.71,14.34,11.66,13.54,13.67
qGEN10,1,Bing,29.72,23.53,46.75,10.56,10.16,11.44,10.94,12.51,12.08,16.03,16.28
qGEN10,2,Bing,29.49,17.98,52.53,11.64,11.66,10.96,11.13,13.12,10.39,16.73,14.38
qGEN10,3,Bing,25.88,20.06,54.07,12.19,12.18,12.22,10.32,12.97,12.01,15.92,12.19
qGEN10,4,Bing,29.32,20.84,49.85,11.76,11.57,10.82,11.1,12.7,13.52,14.9,13.63
qGEN10,5,Bing,26.69,21.11,52.2,12.72,10.76,11.18,11.06,12.59,13.07,14.72,13.89
qGEN11,1,Bing,33.0,22.34,44.65,11.87,12.16,11.67,11.08,13.24,12.33,14.89,12.77
qGEN11,2,Bing,37.94,28.62,33.44,11.46,12.04,12.29,11.16,12.95,11.65,15.34,13.12
qGEN11,3,Bing,30.84,23.96,45.21,11.47,12.27,12.75,10.06,12.98,11.88,15.91,12.68
qGEN11,4,Bing,31.34,24.99,43.66,12.36,12.15,11.89,10.89,13.7,11.97,14.81,12.23
qGEN11,5,Bing,27.81,21.16,51.04,11.77,12.56,12.13,11.11,12.47,10.92,14.02,15.02
qGEN12,1,Bing,26.98,29.68,43.35,11.5,11.54,12.19,11.59,14.59,12.51,12.99,13.09
qGEN12,2,Bing,30.11,35.11,34.78,12.37,11.89,11.71,11.72,13.85,13.06,13.09,12.31
qGEN12,3,Bing,28.46,29.33,42.21,13.75,12.11,12.58,11.65,14.32,12.02,11.51,12.05
qGEN12,4,Bing,27.04,29.12,43.84,11.23,11.61,13.1,10.1,13.96,11.64,13.72,14.63
qGEN12,5,Bing,25.41,29.89,44.7,11.54,11.53,12.77,10.56,14.15,12.39,13.6,13.47
qGEN13,1,Bing,32.42,25.05,42.53,12.22,12.8,13.2,10.23,13.46,11.93,13.14,13.01
qGEN13,2,Bing,32.36,29.51,38.14,12.18,12.43,12.84,9.53,15.13,11.3,12.14,14.45
qGEN13,3,Bing,31.42,33.8,34.78,11.53,11.44,13.1,10.19,14.4,12.42,12.51,14.4
qGEN13,4,Bing,30.4,31.75,37.85,12.32,12.3,12.18,11.44,12.53,12.05,15.79,11.38
qGEN13,5,Bing,32.71,27.32,39.97,11.82,12.06,11.58,11.8,13.37,11.72,15.4,12.24
qGEN14,1,Bing,33.0,22.34,44.65,11.87,12.16,11.67,11.08,13.24,12.33,14.89,12.77
qGEN14,2,Bing,31.48,24.37,44.16,12.11,12.71,13.73,9.88,12.92,11.43,13.8,13.42
qGEN14,3,Bing,28.14,23.1,48.76,11.81,12.93,12.92,10.63,12.94,11.06,14.27,13.44
qGEN14,4,Bing,31.34,24.99,43.66,12.36,12.15,11.89,10.89,13.7,11.97,14.81,12.23
qGEN14,5,Bing,32.15,20.89,46.96,12.19,12.48,11.65,11.09,13.03,12.18,14.57,12.81
qGEN15,1,Bing,33.31,27.22,39.47,11.45,12.63,11.19,11.6,12.85,10.86,16.07,13.34
qGEN15,2,Bing,26.93,29.98,43.09,12.56,12.89,12.02,11.35,13.08,11.99,12.59,13.53
qGEN15,3,Bing,28.32,26.09,45.59,11.72,11.71,13.17,10.65,12.98,11.04,14.3,14.43
qGEN15,4,Bing,28.41,21.45,50.14,12.64,12.39,13.42,10.0,12.68,11.33,14.3,13.24
qGEN15,5,Bing,27.64,24.47,47.88,11.6,12.63,13.02,10.25,12.72,10.93,14.65,14.21
qGEN16,1,Bing,28.32,26.09,45.59,11.72,11.71,13.17,10.65,12.98,11.04,14.3,14.43
qGEN16,2,Bing,26.93,29.98,43.09,12.56,12.89,12.02,11.35,13.08,11.99,12.59,13.53
qGEN16,3,Bing,24.96,23.22,51.82,12.86,13.03,12.05,11.7,12.29,11.47,13.24,13.36
qGEN16,4,Bing,28.35,22.71,48.94,12.34,12.95,12.19,10.13,12.25,11.84,14.79,13.52
qGEN16,5,Bing,36.3,27.18,36.52,11.67,12.85,12.55,11.04,13.55,11.32,15.18,11.83
qGEN17,1,Bing,28.32,26.09,45.59,11.72,11.71,13.17,10.65,12.98,11.04,14.3,14.43
qGEN17,2,Bing,24.96,23.22,51.82,12.86,13.03,12.05,11.7,12.29,11.47,13.24,13.36
qGEN17,3,Bing,26.93,29.98,43.09,12.56,12.89,12.02,11.35,13.08,11.99,12.59,13.53
qGEN17,4,Bing,36.3,27.18,36.52,11.67,12.85,12.55,11.04,13.55,11.32,15.18,11.83
qGEN17,5,Bing,23.73,18.92,57.35,11.28,12.63,13.5,10.06,13.32,10.12,14.58,14.51
qGEN18,1,Bing,29.2,28.62,42.18,11.44,12.21,13.29,11.0,12.99,11.17,14.53,13.39
qGEN18,2,Bing,30.51,25.31,44.18,11.57,12.45,13.21,10.78,13.16,11.28,13.24,14.31
qGEN18,3,Bing,28.89,26.26,44.85,11.59,12.28,12.24,10.62,12.89,11.46,15.53,13.39
qGEN18,4,Bing,27.02,23.53,49.45,11.2,12.37,13.14,11.38,13.42,11.59,13.6,13.29
qGEN18,5,Bing,26.32,24.52,49.17,11.51,13.38,13.5,10.33,12.29,10.38,15.6,13.01
qGEN19,1,Bing,28.32,26.09,45.59,11.72,11.71,13.17,10.65,12.98,11.04,14.3,14.43
qGEN19,2,Bing,36.3,27.18,36.52,11.67,12.85,12.55,11.04,13.55,11.32,15.18,11.83
qGEN19,3,Bing,33.31,27.22,39.47,11.45,12.63,11.19,11.6,12.85,10.86,16.07,13.34
qGEN19,4,Bing,26.93,29.98,43.09,12.56,12.89,12.02,11.35,13.08,11.99,12.59,13.53
qGEN19,5,Bing,31.43,19.79,48.78,11.76,11.64,12.76,11.01,12.79,12.33,14.02,13.68
qGEN20,1,Bing,28.32,26.09,45.59,11.72,11.71,13.17,10.65,12.98,11.04,14.3,14.43
qGEN20,2,Bing,36.3,27.18,36.52,11.67,12.85,12.55,11.04,13.55,11.32,15.18,11.83
qGEN20,3,Bing,35.88,22.44,41.68,11.45,11.79,12.01,11.62,13.39,12.25,14.65,12.85
qGEN20,4,Bing,31.65,27.35,41.0,12.32,12.17,11.96,11.47,12.79,12.43,14.29,12.57
qGEN20,5,Bing,27.49,24.05,48.46,11.57,11.84,12.18,10.94,13.38,12.35,14.09,13.65
qGEN21,1,Bing,29.76,21.38,48.85,12.25,13.04,12.63,10.34,12.05,10.83,15.66,13.2
qGEN21,2,Bing,25.53,19.16,55.31,13.34,11.48,13.25,10.64,12.65,10.9,14.24,13.5
qGEN21,3,Bing,34.01,24.92,41.07,15.67,11.43,13.98,10.51,11.94,11.84,12.22,12.41
qGEN21,4,Bing,26.28,25.32,48.39,14.28,10.92,13.33,10.63,11.73,11.27,13.89,13.97
qGEN21,5,Bing,28.1,25.11,46.79,14.22,12.05,13.37,9.93,11.26,10.59,14.21,14.37
qGEN22,1,Bing,28.65,20.78,50.57,11.74,11.78,11.13,11.77,13.9,10.9,15.68,13.1
qGEN22,2,Bing,33.88,26.67,39.46,11.59,11.85,11.83,12.23,14.44,10.95,13.27,13.84
qGEN22,3,Bing,29.41,25.49,45.11,12.15,12.2,11.42,12.93,13.4,11.53,14.77,11.59
qGEN22,4,Bing,25.51,26.75,47.74,12.22,12.62,11.52,11.57,13.87,11.88,13.66,12.65
qGEN22,5,Bing,32.28,26.57,41.15,12.36,12.44,11.08,11.66,13.62,12.03,14.07,12.74
qGEN23,1,Bing,28.65,20.78,50.57,11.74,11.78,11.13,11.77,13.9,10.9,15.68,13.1
qGEN23,2,Bing,33.88,26.67,39.46,11.59,11.85,11.83,12.23,14.44,10.95,13.27,13.84
qGEN23,3,Bing,26.92,24.07,49.01,12.04,12.58,11.01,11.58,14.23,12.76,13.7,12.09
qGEN23,4,Bing,23.2,22.12,54.68,11.68,12.67,11.78,11.12,13.72,12.13,14.42,12.48
qGEN23,5,Bing,27.33,28.56,44.11,11.69,11.97,11.24,11.56,14.35,12.21,14.28,12.7
qGEN24,1,Bing,27.8,24.62,47.57,13.0,12.14,12.18,12.03,12.86,12.62,12.53,12.64
qGEN24,2,Bing,33.88,26.67,39.46,11.59,11.85,11.83,12.23,14.44,10.95,13.27,13.84
qGEN24,3,Bing,29.41,25.49,45.11,12.15,12.2,11.42,12.93,13.4,11.53,14.77,11.59
qGEN24,4,Bing,23.12,26.72,50.16,12.47,12.91,12.19,11.34,14.13,12.06,12.63,12.28
qGEN24,5,Bing,25.51,26.75,47.74,12.22,12.62,11.52,11.57,13.87,11.88,13.66,12.65
qGEN25,1,Bing,29.26,27.83,42.91,11.96,12.63,11.7,11.84,14.34,11.66,13.67,12.2
qGEN25,2,Bing,33.88,26.67,39.46,11.59,11.85,11.83,12.23,14.44,10.95,13.27,13.84
qGEN25,3,Bing,30.21,28.36,41.44,11.98,12.52,11.52,11.48,14.02,12.98,13.63,11.85
qGEN25,4,Bing,26.26,24.06,49.68,11.5,12.57,10.9,12.53,14.7,12.32,13.51,11.98
qGEN25,5,Bing,29.41,25.49,45.11,12.15,12.2,11.42,12.93,13.4,11.53,14.77,11.59
qGEN26,1,Bing,34.71,28.2,37.09,11.97,11.53,11.8,11.0,11.94,11.72,16.52,13.52
qGEN26,2,Bing,27.38,27.11,45.5,13.12,12.02,12.39,9.38,11.75,11.81,15.47,14.06
qGEN26,3,Bing,34.38,26.31,39.31,12.95,13.02,13.47,8.96,11.78,12.1,14.96,12.77
qGEN26,4,Bing,36.5,26.27,37.23,12.52,11.44,12.83,10.78,12.07,12.67,15.14,12.55
qGEN26,5,Bing,31.97,31.84,36.18,12.68,11.79,12.26,11.41,12.69,12.55,14.34,12.28
qGEN27,1,Bing,32.46,28.03,39.51,13.01,12.43,11.62,11.43,13.26,12.77,13.59,11.89
qGEN27,2,Bing,28.18,26.9,44.92,13.08,12.67,14.04,8.98,12.54,11.96,13.27,13.46
qGEN27,3,Bing,26.98,29.68,43.35,11.5,11.54,12.19,11.59,14.59,12.51,12.99,13.09
qGEN27,4,Bing,27.04,29.12,43.84,11.23,11.61,13.1,10.1,13.96,11.64,13.72,14.63
qGEN27,5,Bing,32.1,32.59,35.31,12.22,11.89,11.89,11.19,13.65,12.61,13.14,13.41
qGEN28,1,Bing,30.65,24.74,44.61,12.7,12.74,12.19,11.25,14.72,11.71,11.75,12.94
qGEN28,2,Bing,30.31,18.72,50.97,11.63,11.29,12.58,10.51,15.36,11.5,12.29,14.82
qGEN28,3,Bing,29.86,24.8,45.34,14.1,11.57,12.86,11.18,14.1,12.6,11.98,11.63
qGEN28,4,Bing,27.88,22.94,49.18,12.28,10.84,14.01,9.96,12.88,12.05,13.81,14.17
qGEN28,5,Bing,31.98,21.72,46.3,11.89,12.21,12.17,10.08,13.68,11.6,15.17,13.2
qGEN29,1,Bing,29.97,21.75,48.28,10.59,11.9,11.99,10.17,14.46,11.17,15.84,13.89
qGEN29,2,Bing,23.56,30.46,45.98,10.84,11.84,10.66,11.58,16.4,10.77,15.38,12.53
qGEN29,3,Bing,27.5,27.35,45.15,11.61,11.75,10.79,11.38,13.54,13.45,14.06,13.43
qGEN29,4,Bing,26.9,22.39,50.71,12.18,13.24,11.15,12.43,13.64,12.23,13.3,11.82
qGEN29,5,Bing,28.53,22.89,48.58,10.77,11.72,10.74,12.14,15.17,12.32,15.19,11.95
qGEN30,1,Bing,28.43,31.78,39.79,12.11,11.73,12.41,11.04,13.4,11.46,14.72,13.14
qGEN30,2,Bing,31.48,27.16,41.36,12.06,12.48,11.5,11.59,12.69,12.69,15.87,11.12
qGEN30,3,Bing,24.15,23.94,51.91,14.09,13.52,11.84,10.14,12.29,11.78,13.62,12.74
qGEN30,4,Bing,27.56,23.47,48.97,12.3,12.38,12.49,9.44,12.7,11.93,15.6,13.15
qGEN30,5,Bing,25.3,21.83,52.87,12.68,13.59,11.93,11.25,11.89,12.11,14.17,12.39
qGEN31,1,Bing,33.33,17.66,49.0,11.12,13.54,11.35,11.61,13.47,11.72,15.85,11.35
qGEN31,2,Bing,32.22,25.5,42.29,11.22,13.8,10.48,9.97,14.03,11.34,17.15,12.01
qGEN31,3,Bing,26.67,25.11,48.22,11.12,12.69,10.19,10.36,14.8,12.03,15.91,12.9
qGEN31,4,Bing,30.71,22.06,47.23,12.04,12.21,11.97,9.42,13.23,12.46,16.06,12.62
qGEN31,5,Bing,42.16,22.77,35.07,11.78,11.08,11.17,10.84,13.45,13.65,16.03,12.0
qGEN32,1,Bing,26.22,28.56,45.22,11.83,11.56,11.36,11.67,14.8,12.53,13.02,13.23
qGEN32,2,Bing,31.81,25.91,42.28,12.91,11.69,11.32,10.9,12.7,13.13,15.07,12.27
qGEN32,3,Bing,28.18,31.78,40.05,13.38,13.04,12.12,11.99,13.78,12.11,12.3,11.29
qGEN32,4,Bing,26.37,31.67,41.95,12.51,12.82,12.45,11.01,13.85,12.69,12.65,12.01
qGEN32,5,Bing,35.91,30.02,34.07,12.69,12.5,12.25,11.17,13.29,11.93,12.98,13.2
qGEN33,1,Bing,27.82,23.12,49.06,12.86,11.8,11.46,12.14,11.8,11.9,14.41,13.63
qGEN33,2,Bing,28.15,21.88,49.97,12.14,11.65,11.11,11.7,12.72,12.02,15.17,13.48
qGEN33,3,Bing,29.38,24.03,46.59,13.08,12.14,10.96,10.34,11.63,13.03,15.98,12.85
qGEN33,4,Bing,33.18,27.37,39.45,14.28,11.53,13.05,12.49,11.98,11.97,12.08,12.61
qGEN33,5,Bing,27.42,22.25,50.33,12.73,12.09,11.97,11.65,11.83,11.85,14.51,13.35
qGEN34,1,Bing,28.05,21.3,50.65,13.91,13.41,12.7,9.22,11.17,12.26,14.83,12.51
qGEN34,2,Bing,29.26,23.15,47.59,14.43,13.09,13.1,9.02,11.03,12.2,14.19,12.94
qGEN34,3,Bing,32.01,26.11,41.88,13.7,12.5,11.78,10.43,12.28,12.34,14.39,12.58
qGEN34,4,Bing,27.12,25.23,47.65,13.66,12.78,12.4,9.21,11.54,12.85,15.14,12.41
qGEN34,5,Bing,30.97,23.11,45.92,14.74,12.79,12.6,9.21,11.19,12.45,14.77,12.26
qGEN35,1,Bing,26.14,23.84,50.02,11.63,12.4,10.47,11.81,14.77,13.52,13.1,12.3
qGEN35,2,Bing,29.72,29.63,40.65,11.33,12.53,11.47,11.26,13.66,12.16,15.36,12.22
qGEN35,3,Bing,27.54,21.58,50.88,11.36,12.87,11.2,10.6,14.03,12.54,15.17,12.22
qGEN35,4,Bing,26.52,31.48,42.0,11.75,12.48,11.43,11.19,14.2,12.85,13.36,12.72
qGEN35,5,Bing,25.74,30.49,43.77,11.3,12.4,10.54,11.37,13.95,13.83,14.33,12.28
qGEN36,1,Bing,38.01,22.2,39.78,11.03,11.82,13.57,8.88,13.79,10.56,15.99,14.37
qGEN36,2,Bing,28.38,26.34,45.28,11.16,12.1,11.53,11.92,13.06,12.68,14.44,13.11
qGEN36,3,Bing,28.73,22.87,48.4,12.59,11.22,11.25,11.06,12.06,12.02,15.03,14.77
qGEN36,4,Bing,31.75,21.62,46.63,11.74,12.33,11.5,11.2,14.14,11.61,14.65,12.84
qGEN36,5,Bing,29.86,26.49,43.64,11.38,11.46,13.92,10.32,12.94,11.61,15.59,12.78
qGEN37,1,Bing,37.03,22.81,40.16,10.43,10.18,12.44,10.8,13.09,12.12,15.92,15.02
qGEN37,2,Bing,35.37,21.96,42.67,11.02,10.12,11.39,10.81,14.0,12.87,16.79,12.99
qGEN37,3,Bing,32.86,25.45,41.69,10.95,11.09,12.75,9.24,13.44,11.28,15.22,16.03
qGEN37,4,Bing,32.16,23.86,43.98,11.22,10.98,11.43,10.2,13.24,11.74,16.33,14.86
qGEN37,5,Bing,31.5,30.38,38.12,11.39,10.58,12.3,10.72,13.53,11.79,15.6,14.1
qGEN38,1,Bing,25.5,31.77,42.73,11.38,12.5,14.91,9.81,14.69,11.05,12.3,13.36
qGEN38,2,Bing,36.34,29.29,34.37,10.8,11.51,11.79,10.2,15.15,13.1,13.28,14.17
qGEN38,3,Bing,34.88,26.6,38.53,12.15,12.43,13.52,8.71,14.34,11.66,13.54,13.67
qGEN38,4,Bing,30.58,33.55,35.86,12.0,12.27,13.38,9.92,14.34,12.1,12.52,13.47
qGEN38,5,Bing,26.79,29.62,43.59,11.58,11.38,12.98,10.0,13.41,11.39,14.26,14.99
qGEN39,1,Bing,36.34,29.29,34.37,10.8,11.51,11.79,10.2,15.15,13.1,13.28,14.17
qGEN39,2,Bing,25.5,31.77,42.73,11.38,12.5,14.91,9.81,14.69,11.05,12.3,13.36
qGEN39,3,Bing,34.88,26.6,38.53,12.15,12.43,13.52,8.71,14.34,11.66,13.54,13.67
qGEN39,4,Bing,30.58,33.55,35.86,12.0,12.27,13.38,9.92,14.34,12.1,12.52,13.47
qGEN39,5,Bing,27.64,33.21,39.15,11.56,12.57,12.16,11.29,14.84,11.15,11.98,14.45
qGEN40,1,Bing,35.32,24.55,40.13,10.87,10.03,12.4,11.16,13.21,12.14,15.7,14.49
qGEN40,2,Bing,30.21,25.56,44.24,11.23,11.24,12.12,10.17,12.46,12.26,16.97,13.55
qGEN40,3,Bing,27.2,24.0,48.8,11.13,10.67,12.78,9.89,13.99,10.99,14.14,16.41
qGEN40,4,Bing,32.16,23.86,43.98,11.22,10.98,11.43,10.2,13.24,11.74,16.33,14.86
qGEN40,5,Bing,41.41,23.42,35.17,11.25,11.19,12.81,9.69,12.2,11.8,16.87,14.19
qGEN41,1,Bing,27.69,27.36,44.95,12.14,11.82,12.46,10.55,13.28,12.0,13.58,14.17
qGEN41,2,Bing,23.26,27.07,49.66,11.99,11.78,11.32,11.32,13.65,11.96,13.65,14.32
qGEN41,3,Bing,25.0,29.59,45.41,13.22,11.04,11.05,12.06,13.6,12.91,13.28,12.84
qGEN41,4,Bing,25.79,25.52,48.69,11.86,12.53,11.12,11.47,13.55,11.07,15.17,13.22
qGEN41,5,Bing,31.92,25.79,42.29,12.31,12.59,12.25,12.03,13.95,11.57,13.55,11.75
qGEN42,1,Bing,28.51,37.23,34.26,10.79,11.01,10.41,12.03,14.23,14.23,14.84,12.47
qGEN42,2,Bing,25.54,25.11,49.34,12.17,12.58,10.97,11.99,13.71,12.36,13.89,12.35
qGEN42,3,Bing,29.72,25.44,44.85,11.61,11.98,10.98,10.89,14.44,11.93,15.63,12.53
qGEN42,4,Bing,29.06,25.86,45.08,11.45,12.19,12.64,10.11,13.84,11.66,15.1,13.02
qGEN42,5,Bing,29.82,23.81,46.37,10.77,11.34,10.78,11.37,14.08,12.97,15.31,13.38
qGEN43,1,Bing,32.9,32.75,34.36,12.19,11.79,12.22,10.2,12.64,12.89,14.79,13.28
qGEN43,2,Bing,25.54,25.11,49.34,12.17,12.58,10.97,11.99,13.71,12.36,13.89,12.35
qGEN43,3,Bing,28.38,29.92,41.7,10.8,11.55,11.04,10.72,14.71,13.39,14.98,12.8
qGEN43,4,Bing,31.45,19.85,48.71,11.61,11.85,12.03,9.97,13.36,12.21,15.71,13.26
qGEN43,5,Bing,28.04,27.71,44.25,11.64,11.43,11.13,11.27,13.25,13.69,14.13,13.45
qGEN44,1,Bing,31.84,24.61,43.55,11.73,12.14,12.56,11.63,13.55,12.07,14.7,11.63
qGEN44,2,Bing,29.25,27.23,43.52,11.2,11.0,11.43,10.06,15.74,11.82,13.21,15.55
qGEN44,3,Bing,31.2,20.05,48.76,11.5,12.13,12.49,11.94,14.06,12.15,14.49,11.22
qGEN44,4,Bing,27.19,25.38,47.44,12.14,11.95,12.89,9.84,13.66,11.04,12.68,15.8
qGEN44,5,Bing,24.64,24.69,50.67,12.14,12.63,11.42,10.77,12.78,12.15,15.07,13.05
qGEN45,1,Bing,21.96,30.17,47.87,11.53,12.85,11.45,11.82,15.97,11.95,12.33,12.1
qGEN45,2,Bing,24.17,26.04,49.79,12.06,12.8,11.84,11.09,14.32,12.39,13.16,12.34
qGEN45,3,Bing,31.11,20.59,48.3,11.5,12.13,12.49,11.94,14.06,12.15,14.49,11.22
qGEN45,4,Bing,30.0,27.92,42.08,11.77,11.83,14.16,10.72,14.03,11.8,13.63,12.05
qGEN45,5,Bing,24.64,24.69,50.67,12.14,12.63,11.42,10.77,12.78,12.15,15.07,13.05
qGEN46,1,Bing,29.87,28.13,42.0,11.69,11.5,13.15,12.85,12.28,11.47,14.83,12.23
qGEN46,2,Bing,34.58,24.35,41.07,11.82,13.1,12.12,10.29,12.75,11.64,17.18,11.1
qGEN46,3,Bing,32.75,23.72,43.52,10.5,10.86,11.13,11.0,13.6,12.57,16.23,14.11
qGEN46,4,Bing,36.29,27.3,36.41,11.09,11.55,10.98,11.39,12.69,13.72,15.81,12.77
qGEN46,5,Bing,34.82,27.73,37.45,11.88,11.41,11.33,10.36,13.05,11.4,17.02,13.55
qGEN47,1,Bing,36.04,32.8,31.16,13.59,12.77,11.99,9.64,12.33,13.14,15.24,11.31
qGEN47,2,Bing,29.58,28.52,41.9,14.86,13.3,13.81,10.43,11.74,12.04,13.33,10.49
qGEN47,3,Bing,31.24,21.94,46.82,14.5,11.7,12.72,8.97,12.17,12.7,13.6,13.65
qGEN47,4,Bing,31.23,22.57,46.19,14.82,13.28,12.78,10.46,11.76,12.19,13.74,10.97
qGEN47,5,Bing,36.5,22.39,41.11,14.55,12.29,12.94,9.45,12.03,13.18,14.05,11.51
qGEN48,1,Bing,31.51,31.79,36.69,12.48,11.81,12.01,10.51,12.97,12.48,13.26,14.49
qGEN48,2,Bing,30.44,27.23,42.33,11.82,11.98,12.12,10.63,12.98,11.97,14.82,13.67
qGEN48,3,Bing,30.02,31.67,38.31,11.76,12.09,12.55,9.48,15.12,11.38,12.73,14.89
qGEN48,4,Bing,29.39,31.27,39.34,11.62,11.57,12.07,10.92,14.66,12.23,12.37,14.55
qGEN49,1,Bing,27.9,29.68,42.42,11.36,11.33,11.89,12.01,13.38,10.81,14.74,14.48
qGEN49,2,Bing,35.62,26.23,38.15,11.15,11.07,11.72,11.18,13.84,11.65,15.69,13.69
qGEN49,3,Bing,30.6,28.59,40.81,11.18,11.99,11.72,10.56,13.66,10.75,15.77,14.38
qGEN49,4,Bing,30.69,25.61,43.7,12.3,12.32,12.18,11.2,14.7,10.78,13.51,13.01
qGEN49,5,Bing,31.48,22.33,46.19,11.97,12.2,11.27,11.18,11.03,12.3,15.67,14.37
qGEN50,1,Bing,37.25,20.38,42.36,11.02,11.0,11.36,11.02,13.03,12.39,15.95,14.23
qGEN50,2,Bing,33.33,27.5,39.17,11.41,11.59,12.5,10.82,13.48,12.36,14.28,13.55
qGEN50,3,Bing,41.47,23.02,35.51,11.26,10.71,11.57,10.83,13.51,12.95,15.17,14.0
qGEN50,4,Bing,31.88,22.13,45.99,11.25,12.01,11.81,10.14,12.83,10.79,16.34,14.82
qGEN50,5,Bing,35.5,23.09,41.41,11.12,12.03,12.94,9.3,12.65,11.58,16.19,14.21
qGEN51,1,Bing,27.1,27.1,45.8,14.19,12.43,13.55,10.11,11.53,11.49,14.2,12.5
qGEN51,2,Bing,26.91,24.07,49.02,14.58,11.74,13.82,10.32,10.91,11.58,13.81,13.24
qGEN51,3,Bing,32.71,24.31,42.99,12.28,11.36,12.71,10.88,12.38,11.95,15.81,12.62
qGEN51,4,Bing,29.42,30.56,40.03,12.84,10.72,14.03,9.74,12.39,12.59,14.56,13.15
qGEN51,5,Bing,36.2,27.08,36.71,12.83,11.61,13.41,10.19,12.07,12.21,15.24,12.45
qGEN52,1,Bing,31.5,22.65,45.85,13.66,11.47,14.0,9.93,11.44,11.64,14.81,13.04
qGEN52,2,Bing,31.85,23.63,44.52,13.37,10.97,14.16,9.8,11.22,11.99,15.0,13.5
qGEN52,3,Bing,28.26,21.45,50.29,14.21,11.92,13.86,10.1,11.28,10.62,14.96,13.04
qGEN52,4,Bing,32.71,20.24,47.05,13.35,11.3,13.13,9.92,11.96,12.64,14.24,13.45
qGEN52,5,Bing,33.13,21.74,45.13,13.79,12.01,13.07,10.59,11.28,11.1,14.65,13.51
qGEN53,1,Bing,30.71,24.73,44.56,15.15,12.33,15.11,9.27,10.81,11.07,13.0,13.26
qGEN53,2,Bing,27.92,21.59,50.49,13.85,12.09,13.55,10.47,11.8,11.25,14.15,12.84
qGEN53,3,Bing,32.71,21.45,45.84,13.88,11.9,13.02,10.81,11.7,12.32,14.16,12.21
qGEN53,4,Bing,23.6,28.73,47.66,14.96,12.11,14.39,10.34,10.86,11.69,12.66,12.99
qGEN53,5,Bing,30.8,23.92,45.28,13.72,12.36,13.41,10.69,11.72,11.17,14.23,12.7
qGEN54,1,Bing,27.48,28.58,43.95,12.0,11.8,11.46,11.9,13.45,11.4,14.73,13.26
qGEN54,2,Bing,27.41,30.86,41.73,12.96,12.81,12.72,10.54,13.09,11.26,13.82,12.8
qGEN54,3,Bing,29.63,32.29,38.08,12.37,12.38,11.93,10.97,13.98,11.77,13.06,13.55
qGEN54,4,Bing,26.46,24.87,48.67,11.37,11.69,11.03,10.95,15.33,11.58,13.69,14.36
qGEN55,1,Bing,33.02,28.87,38.11,12.9,12.44,12.3,11.1,13.65,12.91,12.81,11.89
qGEN55,2,Bing,27.71,30.36,41.94,11.69,12.21,11.15,11.63,13.71,12.78,14.22,12.61
qGEN55,3,Bing,23.19,27.96,48.86,12.23,12.84,11.69,10.9,13.45,11.58,13.65,13.66
qGEN55,4,Bing,28.86,26.29,44.85,12.4,10.99,11.64,10.34,13.67,11.74,14.3,14.93
qGEN55,5,Bing,24.14,29.82,46.04,13.09,12.68,11.25,11.84,14.23,12.1,12.49,12.31
qGEN56,1,Bing,26.79,28.77,44.44,15.5,11.06,14.83,9.81,10.88,10.5,13.79,13.64
qGEN56,2,Bing,27.07,29.58,43.35,14.13,12.25,14.08,9.5,11.3,11.26,14.61,12.87
qGEN56,3,Bing,26.52,30.57,42.91,14.94,11.59,14.62,9.12,11.93,11.0,13.51,13.29
qGEN56,4,Bing,26.86,26.08,47.06,14.68,12.2,14.12,9.73,11.46,11.21,14.06,12.53
qGEN56,5,Bing,26.1,24.03,49.86,15.31,12.44,15.45,8.53,10.75,10.56,13.89,13.06
qGEN57,1,Bing,24.76,25.63,49.6,12.17,12.29,11.77,10.18,13.35,12.88,15.56,11.82
qGEN57,2,Bing,28.31,27.42,44.27,10.96,10.72,11.6,10.94,12.44,10.35,17.21,15.78
qGEN57,3,Bing,26.98,29.68,43.35,11.5,11.54,12.19,11.59,14.59,12.51,12.99,13.09
qGEN57,4,Bing,27.04,29.12,43.84,11.23,11.61,13.1,10.1,13.96,11.64,13.72,14.63
qGEN57,5,Bing,32.53,28.61,38.86,12.18,13.22,12.35,13.48,14.48,11.02,11.88,11.38
qGEN58,1,Bing,28.65,20.78,50.57,11.74,11.78,11.13,11.77,13.9,10.9,15.68,13.1
qGEN58,2,Bing,33.88,26.67,39.46,11.59,11.85,11.83,12.23,14.44,10.95,13.27,13.84
qGEN58,3,Bing,26.92,24.07,49.01,12.04,12.58,11.01,11.58,14.23,12.76,13.7,12.09
qGEN58,4,Bing,27.33,28.56,44.11,11.69,11.97,11.24,11.56,14.35,12.21,14.28,12.7
qGEN58,5,Bing,29.41,25.49,45.11,12.15,12.2,11.42,12.93,13.4,11.53,14.77,11.59
qGEN59,1,Bing,28.65,20.78,50.57,11.74,11.78,11.13,11.77,13.9,10.9,15.68,13.1
qGEN59,2,Bing,26.92,24.07,49.01,12.04,12.58,11.01,11.58,14.23,12.76,13.7,12.09
qGEN59,3,Bing,33.88,26.67,39.46,11.59,11.85,11.83,12.23,14.44,10.95,13.27,13.84
qGEN59,4,Bing,29.41,25.49,45.11,12.15,12.2,11.42,12.93,13.4,11.53,14.77,11.59
qGEN59,5,Bing,28.67,24.9,46.43,10.91,12.07,11.61,11.32,15.23,11.45,14.49,12.92
qGEN60,1,Bing,33.52,27.26,39.22,11.33,12.22,11.87,12.17,14.26,12.07,14.47,11.6
qGEN60,2,Bing,28.46,29.63,41.91,11.85,12.32,12.44,10.84,13.13,12.05,14.74,12.63
qGEN60,3,Bing,30.55,29.52,39.94,11.08,11.78,11.71,11.81,14.38,12.89,14.2,12.16
qGEN60,4,Bing,31.46,32.1,36.43,11.88,10.99,12.43,11.38,13.06,12.92,14.43,12.9
qGEN60,5,Bing,33.4,29.18,37.42,11.48,12.08,11.78,11.98,14.19,12.29,14.36,11.84
qGEN61,1,Bing,25.24,27.7,47.06,11.71,12.04,12.19,11.01,13.8,12.6,13.81,12.83
qGEN61,2,Bing,27.74,31.55,40.7,11.31,12.11,12.19,10.15,14.1,11.9,13.63,14.61
qGEN61,3,Bing,27.91,26.5,45.59,13.35,12.86,13.82,10.18,13.59,11.78,12.14,12.28
qGEN61,4,Bing,27.04,29.12,43.84,11.23,11.61,13.1,10.1,13.96,11.64,13.72,14.63
qGEN61,5,Bing,29.98,23.76,46.27,11.95,11.06,11.49,10.95,14.59,11.76,14.52,13.69
qGEN62,1,Bing,26.93,26.96,46.12,12.24,11.75,10.98,12.07,13.74,11.5,14.5,13.23
qGEN62,2,Bing,26.32,29.13,44.55,13.54,12.42,11.09,11.51,13.65,12.66,12.61,12.54
qGEN62,3,Bing,26.41,32.65,40.94,12.57,12.7,12.11,11.08,13.81,12.94,12.7,12.09
qGEN62,4,Bing,24.64,27.41,47.95,12.27,11.97,11.39,11.93,14.04,12.21,13.42,12.77
qGEN62,5,Bing,26.33,28.08,45.6,12.44,12.02,11.62,11.27,14.71,11.63,13.51,12.79
qGEN63,1,Bing,26.47,30.52,43.0,11.39,12.68,11.03,11.96,13.53,12.11,14.58,12.72
qGEN63,2,Bing,23.26,27.07,49.66,11.99,11.78,11.32,11.32,13.65,11.96,13.65,14.32
qGEN63,3,Bing,26.22,28.56,45.22,11.83,11.56,11.36,11.67,14.8,12.53,13.02,13.23
qGEN63,4,Bing,33.95,24.15,41.9,12.22,12.38,12.19,10.88,12.8,11.81,14.93,12.8
qGEN63,5,Bing,29.07,29.29,41.64,11.48,11.81,12.28,11.62,13.16,12.56,13.59,13.5
qGEN64,1,Bing,30.19,27.04,42.77,11.88,11.72,11.49,9.03,13.5,12.27,14.87,15.24
qGEN64,2,Bing,30.44,27.23,42.33,11.82,11.98,12.12,10.63,12.98,11.97,14.82,13.67
qGEN64,3,Bing,28.1,29.0,42.9,11.49,11.2,12.74,9.77,14.66,11.89,13.52,14.74
qGEN64,4,Bing,30.42,32.62,36.96,12.02,12.19,12.7,10.21,15.05,11.44,12.59,13.82
qGEN64,5,Bing,30.02,31.67,38.31,11.76,12.09,12.55,9.48,15.12,11.38,12.73,14.89
qGEN65,1,Bing,25.2,23.18,51.62,12.07,12.25,10.97,12.71,14.53,11.82,14.27,11.37
qGEN65,2,Bing,27.44,28.52,44.04,11.37,11.39,11.53,11.22,14.04,12.08,15.31,13.07
qGEN65,3,Bing,33.73,25.9,40.37,11.7,11.68,11.56,12.27,14.42,10.87,13.71,13.77
qGEN65,4,Bing,25.76,23.16,51.08,12.42,13.04,11.29,11.89,13.59,12.44,13.34,11.98
qGEN65,5,Bing,29.16,21.87,48.97,11.78,12.32,11.83,10.35,13.55,11.72,15.3,13.14
qGEN66,1,Bing,29.0,20.71,50.29,11.47,11.44,10.93,11.63,13.65,13.22,15.0,12.65
qGEN66,2,Bing,28.04,27.71,44.25,11.64,11.43,11.13,11.27,13.25,13.69,14.13,13.45
qGEN66,3,Bing,25.46,25.44,49.09,11.29,11.35,10.14,10.83,14.02,14.06,14.76,13.54
qGEN66,4,Bing,30.48,30.41,39.11,11.14,11.7,10.84,12.11,12.82,13.84,14.93,12.62
qGEN66,5,Bing,29.13,26.12,44.76,11.49,11.02,9.89,13.72,14.6,13.95,13.03,12.3
qGEN67,1,Bing,31.75,32.5,35.75,11.5,11.5,12.98,9.94,15.04,11.63,13.31,14.1
qGEN67,2,Bing,29.53,32.51,37.96,11.28,11.65,13.1,10.83,14.6,12.3,12.95,13.3
qGEN67,3,Bing,28.12,36.02,35.86,10.88,11.47,12.64,10.13,14.12,12.03,14.13,14.59
qGEN67,4,Bing,33.21,23.0,43.79,10.75,10.88,13.36,8.67,14.12,11.34,15.47,15.42
qGEN67,5,Bing,30.2,31.74,38.06,10.86,10.96,13.28,9.93,14.06,12.79,13.69,14.42
qGEN68,1,Bing,27.54,21.58,50.88,11.36,12.87,11.2,10.6,14.03,12.54,15.17,12.22
qGEN68,2,Bing,29.0,20.71,50.29,11.47,11.44,10.93,11.63,13.65,13.22,15.0,12.65
qGEN68,3,Bing,25.74,30.49,43.77,11.3,12.4,10.54,11.37,13.95,13.83,14.33,12.28
qGEN68,4,Bing,29.75,26.33,43.92,11.99,12.12,10.95,11.43,13.3,14.12,13.64,12.45
qGEN68,5,Bing,29.72,29.63,40.65,11.33,12.53,11.47,11.26,13.66,12.16,15.36,12.22
qGEN69,1,Bing,29.0,20.71,50.29,11.47,11.44,10.93,11.63,13.65,13.22,15.0,12.65
qGEN69,2,Bing,29.72,29.63,40.65,11.33,12.53,11.47,11.26,13.66,12.16,15.36,12.22
qGEN69,3,Bing,27.54,21.58,50.88,11.36,12.87,11.2,10.6,14.03,12.54,15.17,12.22
qGEN69,4,Bing,29.25,25.89,44.86,11.46,12.14,10.79,11.12,13.89,13.02,16.05,11.52
qGEN69,5,Bing,25.54,25.11,49.34,12.17,12.58,10.97,11.99,13.71,12.36,13.89,12.35
qGEN70,1,Bing,29.72,25.44,44.85,11.61,11.98,10.98,10.89,14.44,11.93,15.63,12.53
qGEN70,2,Bing,26.02,25.04,48.94,11.07,12.03,10.43,11.92,14.77,12.82,14.22,12.74
qGEN70,3,Bing,29.03,20.94,50.03,11.36,12.87,11.2,10.6,14.03,12.54,15.17,12.22
qGEN70,4,Bing,25.54,25.11,49.34,12.17,12.58,10.97,11.99,13.71,12.36,13.89,12.35
qGEN70,5,Bing,27.21,25.28,47.51,11.31,12.19,12.28,10.24,13.76,12.25,14.85,13.13
qGEN71,1,Bing,28.51,37.23,34.26,10.79,11.01,10.41,12.03,14.23,14.23,14.84,12.47
qGEN71,2,Bing,29.72,25.44,44.85,11.61,11.98,10.98,10.89,14.44,11.93,15.63,12.53
qGEN71,3,Bing,29.03,20.94,50.03,11.36,12.87,11.2,10.6,14.03,12.54,15.17,12.22
qGEN71,4,Bing,28.04,27.71,44.25,11.64,11.43,11.13,11.27,13.25,13.69,14.13,13.45
qGEN71,5,Bing,25.54,25.11,49.34,12.17,12.58,10.97,11.99,13.71,12.36,13.89,12.35
qGEN72,1,Bing,35.1,23.74,41.16,11.16,10.77,10.94,11.35,13.35,14.3,15.12,13.01
qGEN72,2,Bing,30.21,28.36,41.44,11.98,12.52,11.52,11.48,14.02,12.98,13.63,11.85
qGEN72,3,Bing,27.21,25.28,47.51,11.31,12.19,12.28,10.24,13.76,12.25,14.85,13.13
qGEN72,4,Bing,28.6,24.07,47.33,9.9,11.42,10.9,10.39,14.22,13.12,16.24,13.81
qGEN72,5,Bing,24.46,24.56,50.98,10.69,11.81,11.56,10.46,14.93,12.05,15.27,13.22
qGEN73,1,Bing,26.14,23.84,50.02,11.63,12.4,10.47,11.81,14.77,13.52,13.1,12.3
qGEN73,2,Bing,27.81,26.43,45.76,11.4,11.25,11.41,10.04,13.68,13.1,15.44,13.68
qGEN73,3,Bing,28.91,24.13,46.96,11.32,11.9,10.82,11.34,14.0,13.05,14.74,12.83
qGEN73,4,Bing,31.9,22.29,45.81,11.96,12.5,10.53,11.74,13.82,13.2,14.18,12.06
qGEN73,5,Bing,29.75,26.33,43.92,11.99,12.12,10.95,11.43,13.3,14.12,13.64,12.45
qGEN74,1,Bing,28.66,30.58,40.76,11.07,10.95,11.52,10.51,14.75,13.64,12.91,14.65
qGEN74,2,Bing,30.58,33.55,35.86,12.0,12.27,13.38,9.92,14.34,12.1,12.52,13.47
qGEN74,3,Bing,27.95,29.54,42.51,10.62,11.9,15.64,10.87,15.01,10.68,11.99,13.3
qGEN74,4,Bing,34.88,26.6,38.53,12.15,12.43,13.52,8.71,14.34,11.66,13.54,13.67
qGEN74,5,Bing,25.86,25.24,48.9,12.16,12.59,12.69,10.18,15.61,11.41,10.79,14.57
qGEN75,1,Bing,27.54,30.22,42.24,11.39,12.68,11.03,11.96,13.53,12.11,14.58,12.72
qGEN75,2,Bing,23.26,27.07,49.66,11.99,11.78,11.32,11.32,13.65,11.96,13.65,14.32
qGEN75,3,Bing,25.0,29.59,45.41,13.22,11.04,11.05,12.06,13.6,12.91,13.28,12.84
qGEN75,4,Bing,26.22,28.56,45.22,11.83,11.56,11.36,11.67,14.8,12.53,13.02,13.23
qGEN75,5,Bing,27.6,31.48,40.92,13.12,12.86,11.81,12.2,13.65,12.0,12.62,11.75
qGEN76,1,Bing,28.4,25.01,46.59,11.21,12.73,12.86,10.81,13.77,11.86,14.73,12.04
qGEN76,2,Bing,28.17,25.18,46.65,11.21,12.73,12.86,10.81,13.77,11.86,14.73,12.04
qGEN76,3,Bing,31.84,24.61,43.55,11.73,12.14,12.56,11.63,13.55,12.07,14.7,11.63
qGEN76,4,Bing,24.64,24.69,50.67,12.14,12.63,11.42,10.77,12.78,12.15,15.07,13.05
qGEN76,5,Bing,31.2,20.05,48.76,11.5,12.13,12.49,11.94,14.06,12.15,14.49,11.22
qGEN77,1,Bing,29.73,23.15,47.13,12.08,12.54,11.85,10.86,14.08,12.58,14.1,11.91
qGEN77,2,Bing,29.51,23.46,47.02,12.02,11.82,10.99,11.27,13.72,13.09,14.41,12.69
qGEN77,3,Bing,33.1,27.46,39.45,11.68,12.63,11.93,10.86,14.14,11.98,13.89,12.89
qGEN77,4,Bing,29.06,18.78,52.16,11.82,11.49,11.44,10.91,14.0,12.75,14.67,12.92
qGEN78,1,Bing,32.14,22.1,45.76,11.35,11.14,11.54,11.12,13.67,11.6,15.52,14.05
qGEN78,2,Bing,28.35,24.5,47.14,10.99,12.52,11.97,10.41,13.02,12.9,14.57,13.62
qGEN78,3,Bing,27.32,33.75,38.93,12.05,12.33,11.04,11.35,15.76,11.72,12.55,13.2
qGEN78,4,Bing,25.94,28.24,45.82,11.55,13.0,11.84,10.81,14.54,12.22,14.2,11.84
qGEN78,5,Bing,28.36,28.94,42.7,10.94,12.21,12.05,10.17,14.53,11.82,14.64,13.65
qGEN79,1,Bing,25.2,23.18,51.62,12.07,12.25,10.97,12.71,14.53,11.82,14.27,11.37
qGEN79,2,Bing,29.46,26.33,44.21,12.64,12.56,12.8,12.02,13.35,11.66,12.85,12.12
qGEN79,3,Bing,22.9,24.44,52.67,11.88,12.76,11.59,10.94,13.94,12.27,14.3,12.34
qGEN79,4,Bing,27.09,28.78,44.13,11.16,11.89,11.58,10.73,14.03,12.47,14.88,13.26
qGEN79,5,Bing,30.02,25.27,44.71,12.22,12.52,11.34,12.23,13.61,11.82,14.04,12.21
qGEN80,1,Bing,29.33,26.42,44.25,11.19,12.77,11.42,10.09,12.61,11.19,16.71,14.03
qGEN80,2,Bing,33.56,28.66,37.78,10.83,12.22,10.24,12.12,13.38,11.19,16.25,13.77
qGEN80,3,Bing,28.95,33.0,38.06,11.66,11.73,10.96,10.94,12.82,11.29,16.68,13.92
qGEN80,4,Bing,32.88,30.86,36.27,10.87,11.07,12.28,10.19,12.33,11.51,17.04,14.72
qGEN80,5,Bing,35.87,28.88,35.26,10.21,11.66,12.31,11.37,13.77,11.84,16.63,12.21
qGEN81,1,Bing,29.52,25.35,45.13,11.72,11.18,13.11,9.89,13.78,11.34,14.45,14.53
qGEN81,2,Bing,29.76,24.39,45.85,11.61,11.1,12.73,9.82,13.84,11.6,14.81,14.5
qGEN81,3,Bing,26.06,24.23,49.7,12.4,13.42,12.99,10.45,12.87,11.95,14.12,11.79
qGEN81,4,Bing,26.58,18.23,55.19,11.92,13.43,13.57,10.16,11.85,11.55,14.31,13.21
qGEN81,5,Bing,31.11,20.59,48.3,11.5,12.13,12.49,11.94,14.06,12.15,14.49,11.22
qGEN82,1,Bing,28.56,33.33,38.11,12.68,11.39,11.49,12.31,13.73,12.71,13.18,12.51
qGEN82,2,Bing,24.87,25.86,49.27,11.94,12.09,13.69,9.21,13.24,11.39,13.5,14.94
qGEN82,3,Bing,22.07,25.07,52.86,13.29,12.88,11.71,11.49,13.03,11.87,13.27,12.46
qGEN82,4,Bing,28.3,32.68,39.02,12.68,11.39,11.49,12.31,13.73,12.71,13.18,12.51
qGEN82,5,Bing,30.84,25.86,43.3,11.98,11.84,11.47,11.17,12.83,12.01,16.28,12.43
qGEN83,1,Bing,27.48,28.58,43.95,12.0,11.8,11.46,11.9,13.45,11.4,14.73,13.26
qGEN83,2,Bing,30.58,29.4,40.02,12.83,11.63,12.48,9.55,12.24,11.49,15.89,13.89
qGEN83,3,Bing,30.9,32.75,36.35,12.05,11.16,13.09,8.26,13.14,11.48,15.49,15.33
qGEN83,4,Bing,23.63,21.52,54.86,12.49,12.89,13.73,10.22,13.81,11.08,12.78,12.99
qGEN83,5,Bing,30.42,29.09,40.48,12.15,11.91,11.81,11.42,13.57,12.55,14.01,12.59
qGEN84,1,Bing,25.71,28.87,45.43,12.46,12.69,11.55,11.0,13.73,12.16,13.55,12.86
qGEN84,2,Bing,23.19,27.96,48.86,12.23,12.84,11.69,10.9,13.45,11.58,13.65,13.66
qGEN84,3,Bing,35.0,29.89,35.11,11.64,10.99,11.78,11.57,13.96,12.89,14.89,12.28
qGEN84,4,Bing,33.94,24.17,41.89,11.74,11.83,12.92,11.37,13.93,11.1,13.69,13.41
qGEN84,5,Bing,28.86,26.29,44.85,12.4,10.99,11.64,10.34,13.67,11.74,14.3,14.93
qGEN85,1,Bing,31.72,26.76,41.51,12.06,12.63,11.75,11.29,12.24,12.58,14.95,12.51
qGEN85,2,Bing,31.64,27.38,40.98,10.8,11.65,13.4,9.99,13.79,11.84,15.0,13.52
qGEN85,3,Bing,28.31,27.42,44.27,10.96,10.72,11.6,10.94,12.44,10.35,17.21,15.78
qGEN85,4,Bing,33.24,35.62,31.14,10.75,11.33,13.17,12.52,12.57,13.61,13.62,12.44
qGEN85,5,Bing,29.55,32.9,37.56,10.49,11.43,10.43,13.17,11.52,11.91,15.37,15.69
qGEN86,1,Bing,36.33,27.74,35.92,12.04,13.36,12.58,11.32,13.12,11.61,12.71,13.27
qGEN86,2,Bing,42.8,23.53,33.66,12.37,13.14,11.28,12.17,14.23,10.33,12.26,14.21
qGEN86,3,Bing,32.07,28.79,39.14,12.74,12.11,12.21,10.0,14.92,11.7,12.26,14.05
qGEN86,4,Bing,26.99,30.28,42.73,12.87,12.46,12.32,9.49,16.21,11.6,10.29,14.75
qGEN86,5,Bing,29.96,23.97,46.07,12.37,12.69,11.86,10.1,14.09,11.3,13.57,14.02
qGEN87,1,Bing,26.62,23.71,49.67,13.63,13.19,11.5,11.71,14.53,11.32,12.45,11.67
qGEN87,2,Bing,25.4,23.89,50.71,12.79,13.32,12.25,10.77,13.92,11.68,13.98,11.29
qGEN87,3,Bing,27.9,25.26,46.83,13.08,13.18,12.07,11.39,13.35,12.3,13.19,11.45
qGEN87,4,Bing,33.76,22.39,43.84,12.59,13.1,11.58,12.28,14.52,11.3,13.61,11.02
qGEN87,5,Bing,33.31,24.96,41.72,13.47,13.28,12.28,11.35,13.93,11.72,13.16,10.81
qGEN88,1,Bing,27.35,28.18,44.47,12.4,11.76,13.54,10.78,14.86,10.88,10.99,14.78
qGEN88,2,Bing,31.09,25.8,43.11,11.45,11.6,13.33,8.8,13.83,11.05,15.02,14.91
qGEN88,3,Bing,31.49,25.91,42.6,12.65,11.27,14.35,10.02,13.42,11.8,12.73,13.76
qGEN88,4,Bing,33.59,22.35,44.06,11.01,11.14,13.04,9.53,14.49,11.47,14.78,14.54
qGEN88,5,Bing,28.1,28.54,43.36,11.73,10.85,13.26,9.44,13.57,11.35,14.09,15.71
qGEN89,1,Bing,31.38,34.68,33.94,12.42,11.89,13.04,8.93,13.77,12.02,13.32,14.63
qGEN89,2,Bing,30.76,26.32,42.92,11.98,11.78,12.88,9.42,13.25,11.12,15.22,14.36
qGEN89,3,Bing,27.0,23.81,49.2,11.87,12.03,12.43,9.83,14.18,11.13,14.25,14.28
qGEN89,4,Bing,27.58,29.05,43.36,12.08,12.37,13.1,9.31,14.16,11.43,13.4,14.14
qGEN89,5,Bing,32.96,33.09,33.95,12.0,11.14,14.24,7.96,13.8,12.01,13.68,15.17
qGEN90,1,Bing,28.65,20.78,50.57,11.74,11.78,11.13,11.77,13.9,10.9,15.68,13.1
qGEN90,2,Bing,33.88,26.67,39.46,11.59,11.85,11.83,12.23,14.44,10.95,13.27,13.84
qGEN90,3,Bing,29.46,26.33,44.21,12.64,12.56,12.8,12.02,13.35,11.66,12.85,12.12
qGEN90,4,Bing,23.39,23.71,52.9,11.43,12.1,11.32,11.32,14.85,12.24,13.82,12.91
qGEN90,5,Bing,25.2,24.09,50.71,12.05,11.4,11.38,12.37,14.14,10.78,15.08,12.81
qGEN91,1,Bing,26.47,30.52,43.0,11.39,12.68,11.03,11.96,13.53,12.11,14.58,12.72
qGEN91,2,Bing,29.66,30.23,40.11,12.0,12.01,11.0,12.67,13.48,11.58,13.82,13.44
qGEN91,3,Bing,25.0,29.59,45.41,13.22,11.04,11.05,12.06,13.6,12.91,13.28,12.84
qGEN91,4,Bing,26.22,28.56,45.22,11.83,11.56,11.36,11.67,14.8,12.53,13.02,13.23
qGEN91,5,Bing,32.59,28.35,39.05,11.86,12.11,11.03,12.01,14.22,11.14,14.6,13.02
qGEN92,1,Bing,26.47,30.52,43.0,11.39,12.68,11.03,11.96,13.53,12.11,14.58,12.72
qGEN92,2,Bing,29.66,30.23,40.11,12.0,12.01,11.0,12.67,13.48,11.58,13.82,13.44
qGEN92,3,Bing,26.22,28.56,45.22,11.83,11.56,11.36,11.67,14.8,12.53,13.02,13.23
qGEN92,4,Bing,32.59,28.35,39.05,11.86,12.11,11.03,12.01,14.22,11.14,14.6,13.02
qGEN92,5,Bing,27.6,31.48,40.92,13.12,12.86,11.81,12.2,13.65,12.0,12.62,11.75
qGEN93,1,Bing,26.02,25.04,48.94,11.07,12.03,10.43,11.92,14.77,12.82,14.22,12.74
qGEN93,2,Bing,29.21,24.78,46.01,11.44,11.41,11.41,10.06,13.87,12.39,16.01,13.41
qGEN93,3,Bing,31.45,19.85,48.71,11.61,11.85,12.03,9.97,13.36,12.21,15.71,13.26
qGEN93,4,Bing,25.74,30.49,43.77,11.3,12.4,10.54,11.37,13.95,13.83,14.33,12.28
qGEN93,5,Bing,27.11,24.99,47.9,11.37,12.16,12.21,10.37,13.79,12.21,14.73,13.16
qGEN94,1,Bing,26.02,25.04,48.94,11.07,12.03,10.43,11.92,14.77,12.82,14.22,12.74
qGEN94,2,Bing,29.72,25.44,44.85,11.61,11.98,10.98,10.89,14.44,11.93,15.63,12.53
qGEN94,3,Bing,29.75,26.33,43.92,11.99,12.12,10.95,11.43,13.3,14.12,13.64,12.45
qGEN94,4,Bing,29.03,20.94,50.03,11.36,12.87,11.2,10.6,14.03,12.54,15.17,12.22
qGEN94,5,Bing,34.75,22.85,42.4,11.93,12.64,10.39,11.84,13.9,12.89,14.42,12.0
qGEN95,1,Bing,39.32,24.22,36.46,12.24,12.14,11.8,11.38,12.16,11.55,15.41,13.33
qGEN95,2,Bing,39.37,24.81,35.82,12.07,13.19,11.72,10.58,12.31,11.53,15.93,12.67
qGEN95,3,Bing,39.44,29.45,31.11,13.74,12.49,11.89,10.96,12.05,11.92,13.58,13.36
qGEN95,4,Bing,37.73,26.56,35.71,13.42,12.67,11.97,10.04,11.99,11.12,15.45,13.35
qGEN95,5,Bing,41.46,24.19,34.36,13.79,12.41,12.52,9.53,11.74,12.85,14.24,12.92
qGEN96,1,Bing,38.01,22.2,39.78,11.03,11.82,13.57,8.88,13.79,10.56,15.99,14.37
qGEN96,2,Bing,29.59,30.47,39.94,10.74,11.13,11.8,11.4,12.51,12.4,16.13,13.88
qGEN96,3,Bing,32.1,30.91,36.99,11.23,11.11,12.73,10.27,11.8,13.85,15.37,13.64
qGEN96,4,Bing,30.4,29.06,40.55,12.42,12.97,12.12,11.09,14.68,12.07,11.39,13.25
qGEN96,5,Bing,32.73,24.85,42.42,10.99,12.41,12.42,9.94,12.6,11.82,18.49,11.33
qGEN97,1,Bing,38.01,22.2,39.78,11.03,11.82,13.57,8.88,13.79,10.56,15.99,14.37
qGEN97,2,Bing,29.59,30.47,39.94,10.74,11.13,11.8,11.4,12.51,12.4,16.13,13.88
qGEN97,3,Bing,34.14,24.94,40.91,12.09,12.51,12.2,11.02,13.77,11.71,14.19,12.51
qGEN97,4,Bing,32.1,30.91,36.99,11.23,11.11,12.73,10.27,11.8,13.85,15.37,13.64
qGEN97,5,Bing,31.74,26.51,41.75,12.0,12.29,13.38,9.17,13.48,12.93,13.96,12.79
qGEN98,1,Bing,27.69,27.36,44.95,12.14,11.82,12.46,10.55,13.28,12.0,13.58,14.17
qGEN98,2,Bing,23.26,27.07,49.66,11.99,11.78,11.32,11.32,13.65,11.96,13.65,14.32
qGEN98,3,Bing,26.62,30.51,42.87,12.99,11.07,11.13,11.83,13.54,12.77,13.66,13.01
qGEN98,4,Bing,25.79,25.52,48.69,11.86,12.53,11.12,11.47,13.55,11.07,15.17,13.22
qGEN98,5,Bing,31.92,25.79,42.29,12.31,12.59,12.25,12.03,13.95,11.57,13.55,11.75
qGEN99,1,Bing,32.9,32.75,34.36,12.19,11.79,12.22,10.2,12.64,12.89,14.79,13.28
qGEN99,2,Bing,25.54,25.11,49.34,12.17,12.58,10.97,11.99,13.71,12.36,13.89,12.35
qGEN99,3,Bing,29.37,33.72,36.91,10.51,11.64,11.2,10.34,13.44,13.78,16.13,12.97
qGEN99,4,Bing,29.72,25.44,44.85,11.61,11.98,10.98,10.89,14.44,11.93,15.63,12.53
qGEN99,5,Bing,31.45,19.85,48.71,11.61,11.85,12.03,9.97,13.36,12.21,15.71,13.26
qGEN100,1,Bing,31.85,36.28,31.87,12.19,11.72,13.66,9.79,14.61,12.12,12.01,13.9
qGEN100,2,Bing,34.25,26.92,38.83,12.15,12.43,13.52,8.71,14.34,11.66,13.54,13.67
qGEN100,3,Bing,32.57,32.18,35.25,12.71,11.08,13.12,10.22,15.11,12.66,11.63,13.47
qGEN100,4,Bing,25.5,31.77,42.73,11.38,12.5,14.91,9.81,14.69,11.05,12.3,13.36
qGEN100,5,Bing,27.64,33.21,39.15,11.56,12.57,12.16,11.29,14.84,11.15,11.98,14.45
qGEN101,1,Bing,27.32,26.61,46.07,12.33,12.24,12.94,10.6,14.51,12.62,12.69,12.07
qGEN101,2,Bing,28.62,29.34,42.04,11.48,11.91,12.69,11.81,14.1,13.15,13.23,11.64
qGEN101,3,Bing,28.35,24.5,47.14,10.99,12.52,11.97,10.41,13.02,12.9,14.57,13.62
qGEN101,4,Bing,29.06,35.78,35.16,11.8,12.69,13.85,9.8,13.04,13.17,13.87,11.78
qGEN101,5,Bing,27.17,25.52,47.31,11.93,12.83,11.74,10.31,13.42,12.45,15.33,11.99
qGEN102,1,Bing,32.45,33.96,33.59,12.67,12.41,13.77,9.29,14.16,11.07,12.24,14.4
qGEN102,2,Bing,26.49,31.44,42.07,11.36,11.33,15.58,11.28,14.77,11.22,11.51,12.95
qGEN102,3,Bing,28.66,30.58,40.76,11.07,10.95,11.52,10.51,14.75,13.64,12.91,14.65
qGEN102,4,Bing,34.25,26.92,38.83,12.15,12.43,13.52,8.71,14.34,11.66,13.54,13.67
qGEN102,5,Bing,30.58,33.55,35.86,12.0,12.27,13.38,9.92,14.34,12.1,12.52,13.47
qGEN103,1,Bing,31.11,20.59,48.3,11.5,12.13,12.49,11.94,14.06,12.15,14.49,11.22
qGEN103,2,Bing,24.17,26.04,49.79,12.06,12.8,11.84,11.09,14.32,12.39,13.16,12.34
qGEN103,3,Bing,30.29,21.5,48.21,11.5,12.13,12.49,11.94,14.06,12.15,14.49,11.22
qGEN103,4,Bing,32.46,31.54,36.0,11.43,11.86,12.94,9.94,13.71,12.06,14.54,13.52
qGEN103,5,Bing,21.96,30.17,47.87,11.53,12.85,11.45,11.82,15.97,11.95,12.33,12.1
qGEN104,1,Bing,25.5,31.77,42.73,11.38,12.5,14.91,9.81,14.69,11.05,12.3,13.36
qGEN104,2,Bing,32.0,30.1,37.89,12.12,12.15,12.18,10.43,14.22,11.53,13.9,13.47
qGEN104,3,Bing,29.65,32.5,37.85,11.04,11.31,12.87,11.5,14.25,13.18,12.69,13.15
qGEN104,4,Bing,30.97,33.61,35.41,11.15,11.53,13.73,9.15,14.34,11.96,14.09,14.05
qGEN104,5,Bing,30.86,34.08,35.06,10.94,11.25,12.35,10.08,14.32,12.67,13.79,14.6
qGEN105,1,Bing,27.35,28.18,44.47,12.4,11.76,13.54,10.78,14.86,10.88,10.99,14.78
qGEN105,2,Bing,27.0,23.81,49.2,11.87,12.03,12.43,9.83,14.18,11.13,14.25,14.28
qGEN105,3,Bing,26.7,29.69,43.61,12.02,12.78,12.17,10.51,14.58,11.13,12.79,14.01
qGEN105,4,Bing,26.68,28.87,44.45,12.04,12.17,12.94,9.37,14.34,11.66,13.5,13.97
qGEN105,5,Bing,25.73,31.5,42.77,11.67,11.45,12.58,9.38,13.52,10.96,15.44,15.0
qGEN106,1,Bing,24.17,26.04,49.79,12.06,12.8,11.84,11.09,14.32,12.39,13.16,12.34
qGEN106,2,Bing,20.63,22.36,57.02,11.43,12.82,12.44,10.47,14.49,11.44,13.81,13.11
qGEN106,3,Bing,28.91,27.3,43.79,12.09,12.12,12.55,10.01,13.92,11.34,13.78,14.2
qGEN106,4,Bing,26.33,33.24,40.43,12.23,12.45,13.65,9.37,14.77,11.79,11.77,13.97
qGEN106,5,Bing,27.0,23.81,49.2,11.87,12.03,12.43,9.83,14.18,11.13,14.25,14.28
qGEN107,1,Bing,26.7,29.69,43.61,12.02,12.78,12.17,10.51,14.58,11.13,12.79,14.01
qGEN107,2,Bing,27.0,23.81,49.2,11.87,12.03,12.43,9.83,14.18,11.13,14.25,14.28
qGEN107,3,Bing,30.02,26.55,43.44,11.94,12.29,13.33,9.03,14.52,10.99,13.52,14.39
qGEN107,4,Bing,30.57,33.65,35.77,11.02,11.32,12.51,9.93,14.44,12.52,13.62,14.63
qGEN107,5,Bing,30.12,32.98,36.91,11.32,11.68,13.06,10.79,14.79,12.19,12.67,13.49
qGEN108,1,Bing,32.99,26.95,40.06,11.73,11.58,13.17,12.21,14.05,12.68,12.38,12.18
qGEN108,2,Bing,31.48,22.33,46.19,11.97,12.2,11.27,11.18,11.03,12.3,15.67,14.37
qGEN108,3,Bing,30.6,28.59,40.81,11.18,11.99,11.72,10.56,13.66,10.75,15.77,14.38
qGEN108,4,Bing,33.53,24.65,41.82,11.4,9.77,14.46,10.24,14.64,11.48,12.52,15.49
qGEN108,5,Bing,30.09,24.73,45.18,11.01,11.37,12.35,10.32,14.47,12.19,15.08,13.21
qGEN109,1,Bing,28.92,26.95,44.13,11.95,11.64,11.88,10.56,14.05,11.69,13.66,14.58
qGEN109,2,Bing,31.09,27.44,41.47,12.25,11.68,12.13,10.98,13.45,11.34,14.29,13.87
qGEN109,3,Bing,32.57,23.89,43.54,11.68,11.39,10.9,11.83,13.67,13.2,13.85,13.5
qGEN109,4,Bing,33.1,27.46,39.45,11.68,12.63,11.93,10.86,14.14,11.98,13.89,12.89
qGEN109,5,Bing,24.83,21.72,53.45,11.5,11.52,12.33,10.1,13.39,11.64,16.15,13.36
qGEN110,1,Bing,31.56,25.8,42.63,12.76,12.67,12.16,11.03,14.3,11.38,12.31,13.38
qGEN110,2,Bing,29.51,23.46,47.02,12.02,11.82,10.99,11.27,13.72,13.09,14.41,12.69
qGEN110,3,Bing,33.09,23.93,42.98,11.86,12.12,12.46,10.36,14.51,11.99,13.29,13.41
qGEN110,4,Bing,32.74,25.49,41.77,12.23,11.61,12.33,10.0,13.17,12.82,14.3,13.54
qGEN110,5,Bing,35.28,27.22,37.5,12.15,12.23,12.3,10.02,13.69,12.81,13.81,12.98
qEM1,1,Bing,25.99,24.99,49.02,11.83,11.38,11.44,11.09,14.69,12.17,13.72,13.68
qEM1,2,Bing,26.76,25.34,47.91,11.6,13.44,11.77,10.59,13.34,12.2,15.01,12.06
qEM1,3,Bing,25.97,23.22,50.81,10.72,11.43,10.4,11.57,15.06,11.72,15.64,13.46
qEM1,4,Bing,27.02,27.18,45.79,11.54,12.04,11.63,10.85,14.92,11.03,14.67,13.31
qEM1,5,Bing,30.76,26.58,42.66,11.52,12.0,11.08,11.46,14.79,11.63,14.36,13.17
qEM2,1,Bing,30.3,28.76,40.93,11.77,10.65,12.3,10.11,13.0,14.17,15.32,12.68
qEM2,2,Bing,30.42,28.02,41.55,12.07,11.67,11.61,10.44,14.29,12.35,13.92,13.66
qEM2,3,Bing,29.37,22.65,47.98,12.78,13.09,12.32,10.38,13.41,11.82,14.13,12.07
qEM2,4,Bing,33.14,26.42,40.44,13.24,12.95,11.9,10.55,13.67,11.53,14.77,11.38
qEM2,5,Bing,31.41,25.65,42.94,13.15,13.21,11.75,11.68,13.33,11.9,12.98,11.98
qEM3,1,Bing,30.3,28.76,40.93,11.77,10.65,12.3,10.11,13.0,14.17,15.32,12.68
qEM3,2,Bing,29.77,26.19,44.04,11.81,12.06,11.76,11.75,13.36,11.92,14.25,13.1
qEM3,3,Bing,30.42,28.02,41.55,12.07,11.67,11.61,10.44,14.29,12.35,13.92,13.66
qEM3,4,Bing,31.62,24.67,43.71,14.13,13.07,12.28,10.84,13.58,11.79,12.91,11.39
qEM3,5,Bing,29.37,22.65,47.98,12.78,13.09,12.32,10.38,13.41,11.82,14.13,12.07
qEM4,1,Bing,24.85,28.52,46.63,12.61,11.99,13.71,10.08,13.16,11.66,13.31,13.47
qEM4,2,Bing,29.08,26.82,44.1,11.84,11.75,11.57,10.25,13.96,12.7,13.6,14.33
qEM4,3,Bing,27.92,24.25,47.83,11.72,11.73,12.91,10.07,12.68,11.16,15.35,14.36
qEM4,4,Bing,23.16,26.89,49.95,11.62,12.63,12.32,9.98,14.28,12.24,13.58,13.35
qEM4,5,Bing,28.5,26.67,44.83,11.34,10.28,12.1,10.6,14.63,13.01,14.42,13.61
qEM5,1,Bing,27.33,20.42,52.25,11.49,12.51,12.58,9.33,13.21,11.46,15.22,14.2
qEM5,2,Bing,31.66,23.73,44.61,12.22,11.48,11.3,10.29,14.39,12.72,13.63,13.97
qEM5,3,Bing,23.16,26.89,49.95,11.62,12.63,12.32,9.98,14.28,12.24,13.58,13.35
qEM5,4,Bing,20.4,24.09,55.5,11.25,13.04,13.69,10.87,12.74,11.16,15.34,11.91
qEM5,5,Bing,26.54,25.43,48.02,11.87,12.05,12.07,10.97,13.06,11.64,14.53,13.81
qEM6,1,Bing,29.3,22.32,48.38,11.15,12.72,9.76,13.47,14.02,13.5,14.44,10.93
qEM6,2,Bing,30.59,19.51,49.9,12.03,11.23,12.09,10.12,13.47,12.11,16.31,12.64
qEM6,3,Bing,32.82,24.12,43.06,12.38,11.83,13.66,10.99,13.0,12.35,12.48,13.3
qEM6,4,Bing,34.37,22.15,43.48,11.25,11.56,12.29,10.61,13.12,12.74,15.33,13.1
qEM6,5,Bing,28.97,18.79,52.24,12.94,13.07,13.44,9.62,13.32,11.72,13.02,12.88
qEM7,1,Bing,29.3,22.32,48.38,11.15,12.72,9.76,13.47,14.02,13.5,14.44,10.93
qEM7,2,Bing,32.82,24.12,43.06,12.38,11.83,13.66,10.99,13.0,12.35,12.48,13.3
qEM7,3,Bing,30.59,19.51,49.9,12.03,11.23,12.09,10.12,13.47,12.11,16.31,12.64
qEM7,4,Bing,34.37,22.15,43.48,11.25,11.56,12.29,10.61,13.12,12.74,15.33,13.1
qEM7,5,Bing,28.97,18.79,52.24,12.94,13.07,13.44,9.62,13.32,11.72,13.02,12.88
qEM8,1,Bing,28.94,20.67,50.39,12.69,11.43,11.9,10.66,11.94,11.29,16.07,14.03
qEM8,2,Bing,28.58,22.87,48.55,12.53,12.79,13.73,8.91,13.18,12.29,13.31,13.25
qEM8,3,Bing,30.52,23.75,45.73,13.91,12.8,12.0,9.79,12.31,13.0,14.23,11.96
qEM8,4,Bing,28.4,22.03,49.57,11.74,11.31,11.76,9.65,14.15,11.32,16.85,13.21
qEM8,5,Bing,29.67,20.8,49.53,12.86,11.33,13.8,9.96,13.38,12.36,13.13,13.19
qEM9,1,Bing,34.4,28.83,36.76,12.92,12.43,11.37,10.08,13.09,13.57,15.1,11.43
qEM9,2,Bing,41.59,25.16,33.25,13.3,11.32,10.73,11.46,12.85,12.36,16.15,11.84
qEM9,3,Bing,40.09,25.95,33.96,12.98,12.31,12.07,10.76,12.71,12.02,15.4,11.75
qEM9,4,Bing,34.58,27.62,37.8,11.49,10.79,11.79,10.57,13.27,12.39,16.18,13.52
qEM9,5,Bing,42.43,30.14,27.44,12.43,11.48,12.41,10.5,12.98,11.85,16.38,11.98
qEM10,1,Bing,31.03,26.99,41.97,11.59,12.22,11.77,10.72,14.12,13.01,13.27,13.3
qEM10,2,Bing,27.38,28.16,44.46,10.71,12.62,12.17,9.69,14.33,11.81,15.67,12.99
qEM10,3,Bing,27.43,28.16,44.41,11.88,11.63,11.94,10.52,13.92,12.04,14.5,13.57
qEM10,4,Bing,28.71,27.07,44.22,12.33,12.42,12.31,10.06,14.34,11.97,13.75,12.82
qEM10,5,Bing,28.57,28.79,42.64,11.95,12.93,11.94,11.08,14.33,11.4,13.79,12.58
qEM11,1,Bing,31.03,26.99,41.97,11.59,12.22,11.77,10.72,14.12,13.01,13.27,13.3
qEM11,2,Bing,27.38,28.16,44.46,10.71,12.62,12.17,9.69,14.33,11.81,15.67,12.99
qEM11,3,Bing,27.43,28.16,44.41,11.88,11.63,11.94,10.52,13.92,12.04,14.5,13.57
qEM11,4,Bing,28.71,27.07,44.22,12.33,12.42,12.31,10.06,14.34,11.97,13.75,12.82
qEM11,5,Bing,27.83,24.87,47.3,11.78,12.13,12.14,10.3,14.34,11.57,14.41,13.32
qEM12,1,Bing,31.03,26.99,41.97,11.59,12.22,11.77,10.72,14.12,13.01,13.27,13.3
qEM12,2,Bing,28.71,27.07,44.22,12.33,12.42,12.31,10.06,14.34,11.97,13.75,12.82
qEM12,3,Bing,31.33,27.73,40.93,11.44,12.02,11.56,10.06,13.27,11.65,15.87,14.14
qEM12,4,Bing,27.38,28.16,44.46,10.71,12.62,12.17,9.69,14.33,11.81,15.67,12.99
qEM12,5,Bing,21.48,28.48,50.05,11.9,12.48,11.45,11.95,14.67,11.78,12.53,13.25
qEM13,1,Bing,32.0,24.26,43.74,11.64,11.68,11.08,11.61,14.07,11.94,15.94,12.04
qEM13,2,Bing,29.33,14.47,56.2,11.93,11.11,11.2,11.29,13.13,11.35,15.97,14.02
qEM13,3,Bing,29.23,18.12,52.65,11.34,11.59,11.7,11.23,13.29,11.33,15.96,13.56
qEM13,4,Bing,27.32,22.33,50.34,12.52,10.68,11.04,11.1,13.94,13.46,14.43,12.82
qEM13,5,Bing,44.4,27.89,27.71,11.11,11.91,11.07,11.68,12.74,11.34,15.93,14.23
qEM14,1,Bing,27.58,34.52,37.9,10.89,11.24,11.42,10.14,15.16,12.03,13.77,15.34
qEM14,2,Bing,28.09,32.06,39.85,12.15,12.38,12.11,8.92,14.76,13.17,12.94,13.58
qEM14,3,Bing,32.55,27.9,39.55,11.41,11.77,11.58,10.16,14.71,12.08,14.32,13.98
qEM14,4,Bing,30.32,40.44,29.24,10.75,11.45,12.82,10.27,15.51,12.78,12.54,13.88
qEM14,5,Bing,31.79,36.72,31.49,11.55,11.68,11.87,10.15,15.02,12.48,13.73,13.51
qEM15,1,Bing,30.3,28.76,40.93,11.77,10.65,12.3,10.11,13.0,14.17,15.32,12.68
qEM15,2,Bing,27.17,31.13,41.69,11.18,12.71,11.9,9.41,13.7,13.68,15.7,11.72
qEM15,3,Bing,33.63,30.4,35.97,12.7,12.86,12.26,9.88,14.16,11.25,14.93,11.96
qEM15,4,Bing,31.45,21.77,46.78,12.05,10.86,11.88,9.87,12.92,12.48,16.28,13.66
qEM15,5,Bing,27.98,24.5,47.52,13.28,12.65,13.2,8.88,12.1,12.34,15.08,12.48
qEM16,1,Bing,31.03,26.99,41.97,11.59,12.22,11.77,10.72,14.12,13.01,13.27,13.3
qEM16,2,Bing,27.38,28.16,44.46,10.71,12.62,12.17,9.69,14.33,11.81,15.67,12.99
qEM16,3,Bing,29.02,29.17,41.81,11.28,10.96,11.5,11.1,14.51,12.7,14.22,13.73
qEM16,4,Bing,24.62,34.49,40.89,11.36,12.15,11.4,9.53,13.47,13.85,14.74,13.51
qEM16,5,Bing,31.48,26.74,41.78,12.43,10.87,11.91,11.3,13.75,12.46,13.93,13.35
qEM17,1,Bing,26.65,26.58,46.77,13.04,12.72,13.69,10.08,12.94,11.47,13.69,12.38
qEM17,2,Bing,33.89,27.76,38.35,12.51,10.88,13.17,10.9,12.85,12.3,13.97,13.42
qEM17,3,Bing,28.22,28.29,43.49,12.6,12.47,13.08,10.5,12.79,11.96,14.2,12.4
qEM17,4,Bing,32.51,24.72,42.77,12.55,12.01,12.7,9.42,12.45,12.4,15.93,12.54
qEM17,5,Bing,36.74,25.22,38.03,13.33,12.12,12.68,9.97,12.52,11.72,14.87,12.8
qEM18,1,Bing,32.19,28.82,38.99,11.8,11.57,13.48,9.37,13.04,13.35,12.94,14.46
qEM18,2,Bing,33.51,30.62,35.87,11.77,11.03,11.96,9.74,12.61,12.41,15.54,14.94
qEM18,3,Bing,33.47,29.11,37.41,12.35,11.83,11.55,10.18,14.06,12.01,13.43,14.58
qEM18,4,Bing,27.19,29.21,43.6,12.47,10.79,13.83,9.32,12.96,12.05,13.54,15.03
qEM18,5,Bing,36.8,24.67,38.53,11.68,12.45,12.69,10.36,12.67,11.2,14.76,14.19
qEM19,1,Bing,27.38,33.96,38.66,11.25,11.36,11.62,10.05,14.96,11.96,13.46,15.35
qEM19,2,Bing,28.09,32.06,39.85,12.15,12.38,12.11,8.92,14.76,13.17,12.94,13.58
qEM19,3,Bing,30.32,40.44,29.24,10.75,11.45,12.82,10.27,15.51,12.78,12.54,13.88
qEM19,4,Bing,32.55,27.9,39.55,11.41,11.77,11.58,10.16,14.71,12.08,14.32,13.98
qEM19,5,Bing,37.65,29.06,33.29,11.91,11.82,11.21,10.52,14.59,12.88,14.07,12.99
qEM20,1,Bing,28.41,33.89,37.69,11.18,12.71,11.9,9.41,13.7,13.68,15.7,11.72
qEM20,2,Bing,25.92,28.37,45.7,12.1,12.51,12.09,10.77,12.96,12.65,15.25,11.68
qEM20,3,Bing,25.74,23.79,50.47,11.88,11.82,13.37,10.41,12.5,12.57,15.3,12.16
qEM20,4,Bing,28.13,28.1,43.76,12.87,11.84,13.2,9.69,14.07,11.91,13.33,13.09
qEM20,5,Bing,30.81,25.7,43.49,13.41,12.74,12.83,10.57,12.97,11.36,13.85,12.28
qEM21,1,Bing,28.41,33.89,37.69,11.18,12.71,11.9,9.41,13.7,13.68,15.7,11.72
qEM21,2,Bing,26.29,28.67,45.04,11.96,12.17,12.26,9.52,12.59,13.12,15.41,12.96
qEM21,3,Bing,30.21,20.26,49.53,12.2,12.3,10.36,8.63,14.44,12.24,17.97,11.86
qEM21,4,Bing,29.78,31.39,38.82,11.62,11.91,10.0,10.97,13.45,13.55,15.55,12.94
qEM21,5,Bing,26.82,30.99,42.19,13.54,13.33,15.47,7.79,11.81,11.72,13.66,12.67
qEM22,1,Bing,28.41,33.89,37.69,11.18,12.71,11.9,9.41,13.7,13.68,15.7,11.72
qEM22,2,Bing,27.49,31.72,40.79,11.43,11.51,11.89,9.25,13.67,14.6,14.34,13.31
qEM22,3,Bing,26.82,30.99,42.19,13.54,13.33,15.47,7.79,11.81,11.72,13.66,12.67
qEM22,4,Bing,29.12,26.95,43.93,11.72,11.99,12.04,10.0,13.05,13.51,14.73,12.95
qEM22,5,Bing,30.81,25.7,43.49,13.41,12.74,12.83,10.57,12.97,11.36,13.85,12.28
qEM23,1,Bing,28.17,18.63,53.2,12.2,11.14,11.71,9.64,12.79,12.14,17.9,12.48
qEM23,2,Bing,23.08,18.09,58.83,12.25,12.37,11.91,10.2,12.17,12.07,14.97,14.05
qEM23,3,Bing,26.65,17.77,55.58,13.03,12.4,12.97,9.15,11.86,12.1,15.41,13.07
qEM23,4,Bing,30.14,14.84,55.02,12.71,11.62,12.1,10.65,12.13,12.05,14.91,13.83
qEM23,5,Bing,23.77,19.89,56.34,13.0,13.43,12.57,9.32,12.1,12.35,14.46,12.77
qEM24,1,Bing,28.02,29.42,42.56,11.82,11.59,12.49,10.85,14.5,12.11,13.6,13.03
qEM24,2,Bing,31.48,26.74,41.78,12.43,10.87,11.91,11.3,13.75,12.46,13.93,13.35
qEM24,3,Bing,24.62,34.49,40.89,11.36,12.15,11.4,9.53,13.47,13.85,14.74,13.51
qEM24,4,Bing,29.22,27.45,43.33,11.37,11.82,12.43,10.11,15.45,11.14,13.95,13.73
qEM25,1,Bing,36.11,29.94,33.95,11.76,12.8,13.77,8.92,13.65,12.02,15.28,11.8
qEM25,2,Bing,37.53,36.63,25.83,12.23,12.9,15.6,7.94,13.51,11.51,14.52,11.79
qEM25,3,Bing,35.67,23.63,40.7,11.93,11.83,11.91,10.16,12.75,11.11,16.95,13.36
qEM25,4,Bing,38.03,32.52,29.45,12.18,12.57,14.27,8.75,13.39,12.19,15.1,11.55
qEM25,5,Bing,25.87,24.13,50.0,10.35,12.79,9.97,9.62,13.24,9.57,20.2,14.26
qEM26,1,Bing,28.57,26.04,45.39,10.98,11.06,12.54,9.67,13.56,12.39,15.01,14.8
qEM26,2,Bing,26.33,26.68,46.99,10.88,11.05,12.66,9.83,13.15,12.2,15.48,14.74
qEM26,3,Bing,27.33,34.36,38.3,10.35,11.63,12.72,9.04,14.41,11.85,15.51,14.48
qEM26,4,Bing,31.05,26.64,42.31,10.83,11.09,11.26,10.42,12.48,11.74,17.47,14.71
qEM26,5,Bing,29.64,27.69,42.67,11.32,10.87,11.82,11.44,15.47,12.52,12.38,14.18
qEM27,1,Bing,28.17,18.63,53.2,12.2,11.14,11.71,9.64,12.79,12.14,17.9,12.48
qEM27,2,Bing,23.56,17.35,59.09,12.5,12.62,11.82,10.22,12.11,12.11,15.04,13.59
qEM27,3,Bing,26.65,17.77,55.58,13.03,12.4,12.97,9.15,11.86,12.1,15.41,13.07
qEM27,4,Bing,27.19,19.56,53.25,12.33,12.57,12.86,9.59,12.64,11.69,14.63,13.69
qEM27,5,Bing,27.62,20.81,51.56,12.88,11.6,12.55,9.47,12.43,12.6,15.16,13.31
qEM28,1,Bing,23.43,13.28,63.29,13.09,12.69,14.54,9.31,13.1,11.09,13.02,13.15
qEM28,2,Bing,31.49,18.86,49.66,12.22,12.52,12.36,9.8,12.55,13.02,14.67,12.87
qEM28,3,Bing,23.08,18.09,58.83,12.25,12.37,11.91,10.2,12.17,12.07,14.97,14.05
qEM28,4,Bing,21.76,17.34,60.91,11.74,11.46,12.84,9.9,13.07,11.1,14.4,15.49
qEM28,5,Bing,26.5,21.79,51.71,12.49,11.49,12.58,9.54,13.01,11.77,15.94,13.17
qEM29,1,Bing,24.72,19.57,55.71,13.41,12.51,13.13,10.21,12.76,11.83,12.93,13.22
qEM29,2,Bing,22.21,17.31,60.48,11.6,11.59,12.29,9.8,12.7,11.74,15.05,15.24
qEM29,3,Bing,23.08,18.09,58.83,12.25,12.37,11.91,10.2,12.17,12.07,14.97,14.05
qEM29,4,Bing,26.35,17.27,56.39,12.92,13.02,13.57,9.54,13.04,12.03,13.22,12.66
qEM29,5,Bing,24.85,15.53,59.62,12.5,12.04,12.83,9.87,11.64,12.42,14.1,14.6
qEM30,1,Bing,32.26,30.56,37.18,12.07,11.12,13.57,9.72,12.48,11.98,12.92,16.14
qEM30,2,Bing,25.21,36.4,38.39,11.56,10.57,12.49,9.49,13.31,11.78,14.36,16.44
qEM30,3,Bing,35.3,35.91,28.79,11.9,10.5,13.56,9.15,13.7,12.16,13.58,15.45
qEM30,4,Bing,32.23,36.63,31.14,13.89,11.91,14.76,9.02,12.44,11.36,12.34,14.29
qEM30,5,Bing,29.71,33.5,36.79,11.5,11.1,12.99,9.38,13.17,11.83,14.53,15.5
qEM31,1,Bing,24.6,16.21,59.18,12.74,11.98,12.03,10.54,12.69,11.55,15.01,13.46
qEM31,2,Bing,24.26,19.21,56.53,11.65,11.43,12.41,10.1,12.55,11.5,16.05,14.31
qEM31,3,Bing,29.66,21.37,48.97,12.2,11.17,12.39,9.96,12.43,12.07,16.11,13.66
qEM31,4,Bing,29.02,19.89,51.09,11.71,11.21,11.33,10.14,13.24,12.71,17.24,12.42
qEM32,1,Bing,26.86,19.8,53.33,12.68,10.92,12.58,10.02,12.78,12.06,14.06,14.91
qEM32,2,Bing,24.26,19.21,56.53,11.65,11.43,12.41,10.1,12.55,11.5,16.05,14.31
qEM32,3,Bing,26.59,17.26,56.15,12.93,12.36,13.43,9.63,13.13,11.11,13.41,13.99
qEM32,4,Bing,26.44,15.97,57.59,13.01,11.81,12.01,10.54,12.18,12.26,14.88,13.33
qEM32,5,Bing,28.99,19.97,51.04,11.23,11.26,11.77,9.76,12.65,11.85,16.38,15.1
qEM33,1,Bing,29.3,22.32,48.38,11.15,12.72,9.76,13.47,14.02,13.5,14.44,10.93
qEM33,2,Bing,27.69,29.04,43.27,11.6,11.52,13.34,9.55,13.04,12.73,15.24,12.97
qEM33,3,Bing,34.37,22.15,43.48,11.25,11.56,12.29,10.61,13.12,12.74,15.33,13.1
qEM33,4,Bing,32.82,24.12,43.06,12.38,11.83,13.66,10.99,13.0,12.35,12.48,13.3
qEM33,5,Bing,28.97,18.79,52.24,12.94,13.07,13.44,9.62,13.32,11.72,13.02,12.88
qEM34,1,Bing,23.43,13.28,63.29,13.09,12.69,14.54,9.31,13.1,11.09,13.02,13.15
qEM34,2,Bing,23.08,18.09,58.83,12.25,12.37,11.91,10.2,12.17,12.07,14.97,14.05
qEM34,3,Bing,26.35,17.27,56.39,12.92,13.02,13.57,9.54,13.04,12.03,13.22,12.66
qEM34,4,Bing,31.49,18.86,49.66,12.22,12.52,12.36,9.8,12.55,13.02,14.67,12.87
qEM34,5,Bing,26.5,21.79,51.71,12.49,11.49,12.58,9.54,13.01,11.77,15.94,13.17
qEM35,1,Bing,21.52,16.67,61.81,13.53,12.81,13.88,9.29,13.2,11.98,12.46,12.84
qEM35,2,Bing,22.21,17.31,60.48,11.6,11.59,12.29,9.8,12.7,11.74,15.05,15.24
qEM35,3,Bing,23.08,18.09,58.83,12.25,12.37,11.91,10.2,12.17,12.07,14.97,14.05
qEM35,4,Bing,29.65,19.0,51.35,12.23,11.84,12.18,10.19,12.62,12.04,15.27,13.64
qEM35,5,Bing,26.13,21.23,52.65,12.93,12.11,12.63,9.33,12.57,12.01,15.52,12.91
qEM36,1,Bing,28.17,18.63,53.2,12.2,11.14,11.71,9.64,12.79,12.14,17.9,12.48
qEM36,2,Bing,23.26,17.38,59.35,12.42,12.25,11.77,10.37,12.12,12.24,15.1,13.74
qEM36,3,Bing,26.5,21.79,51.71,12.49,11.49,12.58,9.54,13.01,11.77,15.94,13.17
qEM36,4,Bing,28.21,21.68,50.12,13.26,12.14,12.1,10.5,13.33,13.09,13.13,12.44
qEM36,5,Bing,27.62,20.81,51.56,12.88,11.6,12.55,9.47,12.43,12.6,15.16,13.31
qEM37,1,Bing,29.53,25.11,45.36,13.67,12.88,12.08,10.24,12.3,12.72,14.86,11.25
qEM37,2,Bing,23.26,17.38,59.35,12.42,12.25,11.77,10.37,12.12,12.24,15.1,13.74
qEM37,3,Bing,28.17,18.63,53.2,12.2,11.14,11.71,9.64,12.79,12.14,17.9,12.48
qEM37,4,Bing,23.77,19.89,56.34,13.0,13.43,12.57,9.32,12.1,12.35,14.46,12.77
qEM37,5,Bing,28.56,18.86,52.58,11.68,11.51,11.85,10.25,12.86,12.29,14.9,14.67
qEM38,1,Bing,26.44,34.62,38.95,11.19,11.29,12.94,9.99,14.2,12.6,14.18,13.61
qEM38,2,Bing,25.4,30.7,43.9,11.61,11.94,12.68,10.24,13.28,12.77,14.4,13.07
qEM38,3,Bing,34.33,31.5,34.17,11.18,11.87,12.57,10.01,13.78,13.04,14.73,12.82
qEM38,4,Bing,26.17,31.68,42.14,12.63,12.51,13.03,10.82,13.62,13.03,12.39,11.98
qEM38,5,Bing,28.3,30.47,41.23,11.66,12.01,12.16,11.74,13.48,12.99,13.48,12.48
qEM39,1,Bing,29.77,26.19,44.04,11.81,12.06,11.76,11.75,13.36,11.92,14.25,13.1
qEM39,2,Bing,28.41,33.89,37.69,11.18,12.71,11.9,9.41,13.7,13.68,15.7,11.72
qEM39,3,Bing,30.19,23.97,45.84,11.72,12.19,12.46,10.2,14.05,12.19,14.71,12.48
qEM39,4,Bing,23.38,20.67,55.95,12.83,12.63,11.69,9.45,12.97,12.34,15.87,12.22
qEM39,5,Bing,23.43,28.8,47.76,10.77,12.34,11.17,11.68,14.54,13.52,14.25,11.73
qEM40,1,Bing,23.78,24.21,52.01,11.12,10.52,12.0,9.88,12.08,11.39,18.43,14.57
qEM40,2,Bing,25.91,18.91,55.18,11.34,10.89,11.05,10.32,12.42,11.22,18.8,13.97
qEM40,3,Bing,24.47,24.97,50.56,10.59,10.73,11.52,10.09,12.4,10.17,19.04,15.46
qEM40,4,Bing,27.67,20.77,51.56,11.48,11.41,12.29,9.56,12.67,10.26,18.06,14.27
qEM40,5,Bing,30.28,19.97,49.75,11.56,11.37,11.99,10.45,13.04,11.17,16.94,13.48
qEM41,1,Bing,35.63,33.41,30.96,12.08,10.46,11.67,9.97,12.61,13.39,15.92,13.91
qEM41,2,Bing,32.02,35.18,32.79,11.76,10.44,12.04,10.25,12.54,13.69,15.28,14.01
qEM41,3,Bing,29.67,27.62,42.71,11.71,10.09,12.48,10.29,13.57,12.84,14.04,14.98
qEM41,4,Bing,29.55,24.58,45.87,10.82,11.18,12.66,9.75,13.47,10.16,15.0,16.97
qEM41,5,Bing,33.78,28.13,38.09,11.29,10.72,11.45,10.21,12.61,12.43,15.74,15.55
qEM42,1,Bing,29.55,24.58,45.87,10.82,11.18,12.66,9.75,13.47,10.16,15.0,16.97
qEM42,2,Bing,35.63,33.41,30.96,12.08,10.46,11.67,9.97,12.61,13.39,15.92,13.91
qEM42,3,Bing,32.02,35.18,32.79,11.76,10.44,12.04,10.25,12.54,13.69,15.28,14.01
qEM42,4,Bing,29.67,27.62,42.71,11.71,10.09,12.48,10.29,13.57,12.84,14.04,14.98
qEM42,5,Bing,33.78,28.13,38.09,11.29,10.72,11.45,10.21,12.61,12.43,15.74,15.55
qEM43,1,Bing,28.27,26.72,45.01,10.55,11.32,12.76,9.04,13.17,10.81,17.33,15.02
qEM43,2,Bing,33.37,29.48,37.16,10.42,11.05,10.7,10.44,13.7,12.69,16.79,14.21
qEM43,3,Bing,29.13,28.96,41.9,11.46,11.83,11.38,10.87,14.19,12.04,15.22,13.02
qEM43,4,Bing,36.32,28.07,35.61,11.42,11.06,11.14,12.03,13.25,12.96,15.16,12.99
qEM43,5,Bing,30.77,26.61,42.62,11.15,11.81,11.84,10.3,14.63,11.17,15.09,14.0
qEM44,1,Bing,40.36,23.89,35.75,13.1,12.5,11.08,11.26,12.7,12.32,15.28,11.77
qEM44,2,Bing,40.16,25.05,34.78,13.37,11.1,11.16,11.22,12.8,12.34,15.88,12.12
qEM44,3,Bing,41.73,24.43,33.84,12.56,12.92,12.71,9.99,12.82,11.82,15.81,11.37
qEM44,4,Bing,34.58,27.62,37.8,11.49,10.79,11.79,10.57,13.27,12.39,16.18,13.52
qEM44,5,Bing,36.5,28.17,35.33,10.68,12.09,10.03,12.3,12.9,11.45,17.12,13.42
qEM45,1,Bing,32.53,23.99,43.47,12.21,11.73,11.15,12.2,15.18,12.15,13.16,12.23
qEM45,2,Bing,26.76,25.34,47.91,11.6,13.44,11.77,10.59,13.34,12.2,15.01,12.06
qEM45,3,Bing,26.01,24.95,49.04,11.94,11.31,10.79,11.56,14.59,12.33,14.08,13.41
qEM45,4,Bing,27.02,27.18,45.79,11.54,12.04,11.63,10.85,14.92,11.03,14.67,13.31
qEM45,5,Bing,30.93,31.27,37.8,10.71,11.48,10.9,11.51,14.05,12.8,15.28,13.28
qEM46,1,Bing,27.06,31.0,41.94,11.43,11.51,11.89,9.25,13.67,14.6,14.34,13.31
qEM46,2,Bing,29.78,31.39,38.82,11.62,11.91,10.0,10.97,13.45,13.55,15.55,12.94
qEM46,3,Bing,28.41,33.89,37.69,11.18,12.71,11.9,9.41,13.7,13.68,15.7,11.72
qEM46,4,Bing,26.29,28.67,45.04,11.96,12.17,12.26,9.52,12.59,13.12,15.41,12.96
qEM46,5,Bing,26.15,29.85,43.99,13.54,13.33,15.47,7.79,11.81,11.72,13.66,12.67
qEM47,1,Bing,27.84,21.91,50.25,11.85,11.91,11.13,11.16,12.89,12.81,15.25,13.01
qEM47,2,Bing,22.96,19.88,57.15,11.14,11.38,12.66,10.6,13.81,11.09,15.11,14.21
qEM47,3,Bing,33.35,21.44,45.21,10.84,11.69,11.79,10.37,13.46,10.62,16.85,14.39
qEM47,4,Bing,27.02,17.57,55.41,11.16,12.01,11.53,11.79,14.21,10.8,15.5,13.0
qEM47,5,Bing,26.45,26.16,47.39,11.55,11.58,10.8,11.74,12.61,12.66,15.93,13.13
qEM48,1,Bing,31.41,25.65,42.94,13.15,13.21,11.75,11.68,13.33,11.9,12.98,11.98
qEM48,2,Bing,28.09,25.21,46.69,13.07,11.86,11.6,9.72,11.69,13.66,15.69,12.71
qEM48,3,Bing,26.29,28.67,45.04,11.96,12.17,12.26,9.52,12.59,13.12,15.41,12.96
qEM48,4,Bing,27.98,24.5,47.52,13.28,12.65,13.2,8.88,12.1,12.34,15.08,12.48
qEM48,5,Bing,27.5,29.46,43.04,11.92,12.76,12.79,9.86,13.48,11.94,15.17,12.07
qEM49,1,Bing,24.07,24.96,50.97,14.03,11.99,14.46,10.05,11.58,11.38,13.13,13.38
qEM49,2,Bing,23.78,30.48,45.74,14.31,11.22,14.01,10.9,11.81,12.16,12.43,13.15
qEM49,3,Bing,27.22,27.48,45.3,12.96,11.44,13.13,9.61,12.24,11.19,13.92,15.5
qEM49,4,Bing,26.25,29.94,43.81,11.78,10.87,11.99,10.6,12.9,12.6,14.98,14.29
qEM49,5,Bing,25.55,21.59,52.85,15.03,11.93,13.13,11.05,11.9,11.84,12.26,12.87
qEM50,1,Bing,26.61,20.87,52.53,12.12,12.21,10.57,11.62,13.47,11.31,15.97,12.72
qEM50,2,Bing,32.4,25.24,42.36,12.32,13.16,10.94,11.27,12.4,11.12,16.43,12.36
qEM50,3,Bing,38.3,20.98,40.71,12.05,12.25,10.83,11.5,12.47,12.06,16.21,12.62
qEM50,4,Bing,29.93,24.64,45.43,10.81,11.4,10.44,11.44,13.22,12.44,17.76,12.48
qEM50,5,Bing,26.8,21.3,51.89,11.65,12.69,10.75,11.72,12.71,12.3,16.45,11.73
qEM51,1,Bing,26.24,27.58,46.18,11.74,11.33,12.83,9.97,13.93,12.62,13.21,14.36
qEM51,2,Bing,26.42,32.88,40.7,12.63,11.73,13.45,9.62,13.74,12.73,12.49,13.6
qEM51,3,Bing,28.3,30.47,41.23,11.66,12.01,12.16,11.74,13.48,12.99,13.48,12.48
qEM51,4,Bing,25.4,20.45,54.15,11.66,12.36,12.44,10.88,13.02,11.64,15.2,12.8
qEM51,5,Bing,26.17,31.68,42.14,12.63,12.51,13.03,10.82,13.62,13.03,12.39,11.98
qEM52,1,Bing,40.36,23.89,35.75,13.1,12.5,11.08,11.26,12.7,12.32,15.28,11.77
qEM52,2,Bing,40.16,25.05,34.78,13.37,11.1,11.16,11.22,12.8,12.34,15.88,12.12
qEM52,3,Bing,33.22,28.46,38.31,13.09,11.74,11.4,10.56,12.68,13.45,14.93,12.16
qEM52,4,Bing,41.75,24.02,34.23,11.83,13.18,10.29,11.81,12.69,13.33,15.9,10.97
qEM52,5,Bing,39.54,24.42,36.04,13.18,12.34,10.91,11.25,11.97,13.21,14.97,12.18
qEM53,1,Bing,33.25,27.16,39.59,11.83,11.21,11.97,11.45,13.03,12.48,14.68,13.35
qEM53,2,Bing,27.23,26.49,46.28,10.69,11.75,10.51,9.4,13.48,11.85,19.42,12.9
qEM53,3,Bing,26.21,26.41,47.38,10.99,11.14,11.94,10.35,13.93,12.58,15.85,13.22
qEM53,4,Bing,27.78,25.54,46.68,11.81,11.87,11.99,11.1,13.53,12.05,14.74,12.92
qEM53,5,Bing,21.58,23.26,55.15,12.12,12.43,16.33,9.32,12.46,11.96,12.59,12.79
qEM54,1,Bing,30.3,28.76,40.93,11.77,10.65,12.3,10.11,13.0,14.17,15.32,12.68
qEM54,2,Bing,31.79,25.74,42.46,12.7,12.7,12.32,10.72,12.81,11.83,14.56,12.36
qEM54,3,Bing,29.77,26.19,44.04,11.81,12.06,11.76,11.75,13.36,11.92,14.25,13.1
qEM54,4,Bing,33.14,26.42,40.44,13.24,12.95,11.9,10.55,13.67,11.53,14.77,11.38
qEM54,5,Bing,28.34,34.11,37.54,11.49,12.56,12.02,11.03,13.76,12.38,13.5,13.27
qEM55,1,Bing,26.24,27.58,46.18,11.74,11.33,12.83,9.97,13.93,12.62,13.21,14.36
qEM55,2,Bing,29.59,24.62,45.79,11.81,12.04,12.98,9.66,14.07,11.95,14.42,13.08
qEM55,3,Bing,33.6,27.83,38.57,11.65,11.52,12.68,10.33,14.19,12.66,14.45,12.53
qEM55,4,Bing,26.44,34.62,38.95,11.19,11.29,12.94,9.99,14.2,12.6,14.18,13.61
qEM55,5,Bing,26.42,32.88,40.7,12.63,11.73,13.45,9.62,13.74,12.73,12.49,13.6
qEM56,1,Bing,33.3,23.95,42.75,12.18,11.74,10.86,11.9,13.57,12.83,14.54,12.39
qEM56,2,Bing,32.61,19.16,48.23,11.98,11.67,10.58,11.66,12.8,12.11,15.79,13.4
qEM56,3,Bing,30.28,20.96,48.75,12.85,10.8,10.69,13.52,13.81,11.93,14.3,12.11
qEM56,4,Bing,30.44,21.84,47.72,11.8,11.34,10.31,13.27,14.24,11.85,15.29,11.89
qEM56,5,Bing,29.06,24.82,46.12,13.18,11.03,11.32,12.16,13.06,14.38,13.23,11.64
qEM57,1,Bing,27.18,27.77,45.05,11.38,9.57,12.22,9.48,12.75,12.48,16.63,15.49
qEM57,2,Bing,27.23,26.49,46.28,10.69,11.75,10.51,9.4,13.48,11.85,19.42,12.9
qEM57,3,Bing,32.33,25.06,42.61,11.13,10.15,10.55,10.8,13.31,14.01,16.55,13.5
qEM57,4,Bing,27.78,25.54,46.68,11.81,11.87,11.99,11.1,13.53,12.05,14.74,12.92
qEM57,5,Bing,26.21,26.41,47.38,10.99,11.14,11.94,10.35,13.93,12.58,15.85,13.22
qEM58,1,Bing,27.18,27.77,45.05,11.38,9.57,12.22,9.48,12.75,12.48,16.63,15.49
qEM58,2,Bing,32.33,25.06,42.61,11.13,10.15,10.55,10.8,13.31,14.01,16.55,13.5
qEM58,3,Bing,26.21,26.41,47.38,10.99,11.14,11.94,10.35,13.93,12.58,15.85,13.22
qEM58,4,Bing,27.23,26.49,46.28,10.69,11.75,10.51,9.4,13.48,11.85,19.42,12.9
qEM58,5,Bing,26.33,26.4,47.27,10.86,11.27,12.47,11.1,14.42,11.88,14.45,13.56
qEM59,1,Bing,31.41,25.65,42.94,13.15,13.21,11.75,11.68,13.33,11.9,12.98,11.98
qEM59,2,Bing,31.79,25.74,42.46,12.7,12.7,12.32,10.72,12.81,11.83,14.56,12.36
qEM59,3,Bing,32.38,23.33,44.29,12.38,12.3,12.99,8.17,12.92,12.83,15.13,13.29
qEM59,4,Bing,28.34,34.11,37.54,11.49,12.56,12.02,11.03,13.76,12.38,13.5,13.27
qEM60,1,Bing,28.16,29.27,42.57,10.66,9.48,10.96,10.32,13.82,14.71,15.12,14.94
qEM60,2,Bing,27.69,29.04,43.27,11.6,11.52,13.34,9.55,13.04,12.73,15.24,12.97
qEM60,3,Bing,34.37,22.15,43.48,11.25,11.56,12.29,10.61,13.12,12.74,15.33,13.1
qEM60,4,Bing,32.82,24.12,43.06,12.38,11.83,13.66,10.99,13.0,12.35,12.48,13.3
qEM60,5,Bing,28.97,18.79,52.24,12.94,13.07,13.44,9.62,13.32,11.72,13.02,12.88
qEM61,1,Bing,27.84,21.91,50.25,11.85,11.91,11.13,11.16,12.89,12.81,15.25,13.01
qEM61,2,Bing,22.96,19.88,57.15,11.14,11.38,12.66,10.6,13.81,11.09,15.11,14.21
qEM61,3,Bing,31.95,22.31,45.74,11.04,11.68,11.94,10.26,13.21,10.83,16.63,14.41
qEM61,4,Bing,27.02,17.57,55.41,11.16,12.01,11.53,11.79,14.21,10.8,15.5,13.0
qEM61,5,Bing,26.45,26.16,47.39,11.55,11.58,10.8,11.74,12.61,12.66,15.93,13.13
qEM62,1,Bing,27.84,21.91,50.25,11.85,11.91,11.13,11.16,12.89,12.81,15.25,13.01
qEM62,2,Bing,22.96,19.88,57.15,11.14,11.38,12.66,10.6,13.81,11.09,15.11,14.21
qEM62,3,Bing,31.95,22.31,45.74,11.04,11.68,11.94,10.26,13.21,10.83,16.63,14.41
qEM62,4,Bing,26.13,15.4,58.47,11.35,11.54,11.17,11.43,12.86,11.65,16.19,13.8
qEM62,5,Bing,25.98,18.53,55.5,11.75,12.98,12.24,10.75,12.69,10.93,15.71,12.95
qEM63,1,Bing,27.18,27.77,45.05,11.38,9.57,12.22,9.48,12.75,12.48,16.63,15.49
qEM63,2,Bing,26.21,26.41,47.38,10.99,11.14,11.94,10.35,13.93,12.58,15.85,13.22
qEM63,3,Bing,27.23,26.49,46.28,10.69,11.75,10.51,9.4,13.48,11.85,19.42,12.9
qEM63,4,Bing,27.78,25.54,46.68,11.81,11.87,11.99,11.1,13.53,12.05,14.74,12.92
qEM63,5,Bing,20.64,24.22,55.14,13.42,11.46,16.02,8.85,12.08,10.45,14.74,12.99
qEM64,1,Bing,29.94,31.03,39.03,11.39,11.07,11.79,9.74,13.64,13.33,15.45,13.6
qEM64,2,Bing,34.37,22.15,43.48,11.25,11.56,12.29,10.61,13.12,12.74,15.33,13.1
qEM64,3,Bing,27.69,29.04,43.27,11.6,11.52,13.34,9.55,13.04,12.73,15.24,12.97
qEM64,4,Bing,32.82,24.12,43.06,12.38,11.83,13.66,10.99,13.0,12.35,12.48,13.3
qEM64,5,Bing,28.97,18.79,52.24,12.94,13.07,13.44,9.62,13.32,11.72,13.02,12.88
qEM65,1,Bing,27.5,21.35,51.15,11.69,11.74,10.7,11.93,13.2,12.95,15.31,12.47
qEM65,2,Bing,22.96,19.88,57.15,11.14,11.38,12.66,10.6,13.81,11.09,15.11,14.21
qEM65,3,Bing,33.42,22.66,43.92,10.84,11.66,11.97,10.32,13.36,10.55,16.73,14.58
qEM65,4,Bing,26.13,15.4,58.47,11.35,11.54,11.17,11.43,12.86,11.65,16.19,13.8
qEM65,5,Bing,26.99,21.9,51.11,11.51,11.83,10.53,10.26,13.81,12.12,17.29,12.65
qEM66,1,Bing,27.18,27.77,45.05,11.38,9.57,12.22,9.48,12.75,12.48,16.63,15.49
qEM66,2,Bing,27.23,26.49,46.28,10.69,11.75,10.51,9.4,13.48,11.85,19.42,12.9
qEM66,3,Bing,26.21,26.41,47.38,10.99,11.14,11.94,10.35,13.93,12.58,15.85,13.22
qEM66,4,Bing,32.33,25.06,42.61,11.13,10.15,10.55,10.8,13.31,14.01,16.55,13.5
qEM66,5,Bing,27.78,25.54,46.68,11.81,11.87,11.99,11.1,13.53,12.05,14.74,12.92
