QID,Query_cleaned,positive,negative,joy,sadness,anger,fear
qGEN1,tornado,0.05805264227092266,99.94194507598877,0.07103210664354265,99.50177073478699,0.3749200841411948,0.05227950750850141
qGEN2,tornado,0.05805264227092266,99.94194507598877,0.07103210664354265,99.50177073478699,0.3749200841411948,0.05227950750850141
qGEN3,piramide egizia,0.03550912661012262,99.96448755264282,18.792620301246643,1.7314115539193153,11.08769178390503,68.38827133178711
qGEN4,piramidi,99.91617202758789,0.08382920641452074,94.84545588493347,2.7965737506747246,0.4770185798406601,1.8809502944350243
qGEN5,qual Ã la piramide egizia piÃ¹ alta,99.96008276939392,0.03992032143287361,99.87351298332214,0.03946814395021647,0.02357252815272659,0.06344917346723378
qGEN6,velocita tornado,0.025224278215318918,99.97478127479553,0.14763274230062962,98.60833287239075,0.027137662982568145,1.2168997898697853
qGEN7,dove si trova la piramide di Cheope?,0.09322006953880191,99.90678429603577,0.3752755234017968,44.86544132232666,0.8060608059167862,53.95321249961853
qGEN8,tornado velocita,99.83744621276855,0.16254783840849996,0.06593180005438626,3.8643136620521545,0.824320875108242,95.24543285369873
qGEN9,vulcano attivo antico,0.07902724901214242,99.92096424102783,28.93357276916504,2.0818620920181274,1.1405403725802898,67.84402132034302
qGEN10,tornado veloce,99.97000694274902,0.030000394326634705,18.270152807235718,61.703211069107056,14.495991170406342,5.530640110373497
qGEN11,vulcano attivo antico,0.07902724901214242,99.92096424102783,28.93357276916504,2.0818620920181274,1.1405403725802898,67.84402132034302
qGEN12,come si chiama Monica,99.97581839561462,0.024185575603041798,99.92427825927734,0.03191644500475377,0.014736420416738838,0.029080267995595932
qGEN13,tornado mostro nero,0.021376702352426946,99.97861981391907,0.012240128125995398,0.02453488705214113,99.93017911911011,0.03304576384834945
qGEN14,tornado velocita mostro nero,0.021355965873226523,99.97864365577698,0.01054381427820772,0.01825937069952488,99.91255402565002,0.05864519043825567
qGEN15,animali a rischio di estinzione,0.02399955556029454,99.97599720954895,0.07305948529392481,0.20868033170700073,0.13708671322092414,99.58118200302124
qGEN16,come si formano i vulcani?,0.02453374327160418,99.97546076774597,0.03672044549603015,1.321337092667818,69.33534741401672,29.306593537330627
qGEN17,come si trovano i vulcani?,0.03180792846251279,99.96819496154785,0.08308764081448317,29.062116146087646,17.180432379245758,53.67435812950134
qGEN18,come viene classificato il leopardo delle nevi?,0.14185509644448757,99.85814094543457,0.11635258561000228,6.970492005348206,80.93718886375427,11.97596788406372
qGEN19,cosa possiamo fare per aiutare le specie in estinzione?,0.021471219952218235,99.97852444648743,0.026790524134412408,99.79822635650635,0.10794362751767039,0.0670309760607779
qGEN20,in quale stato si trova il vulcano piÃ¹ piccolo ?,0.04518364439718425,99.95481371879578,0.10931185679510236,93.25044751167297,0.31721359118819237,6.32302388548851
qGEN21,in quale stato si trova il vulcano piÃ¹ piccolo del mondo?,0.032083247788250446,99.96792078018188,0.5467587616294622,97.82859086990356,0.16524592647328973,1.4593999832868576
qGEN22,in quale stato si trova il vulcano piÃ¹ piccolo?,0.06453742389567196,99.93546605110168,0.10966929839923978,94.80751752853394,0.259908358566463,4.822904616594315
qGEN23,qual Ã il vulcano attivo piÃ¹ antico,98.89156818389893,1.1084332130849361,95.2383041381836,3.541809320449829,0.0714058754965663,1.1484875343739986
qGEN24,qual Ã il vulcano attivo piÃ¹ antico ?,2.3841718211770058,97.61582612991333,19.955550134181976,78.29843163490295,0.22459318861365318,1.5214254148304462
qGEN25,quanti sono gli esemplari rimasti di fantasma delle montagne ?,0.02104835002683103,99.97895359992981,0.01759234583005309,99.32627081871033,0.45021865516901016,0.20591439679265022
qGEN26,quali sono gli altri nomi del tornado,0.022988865384832025,99.97701048851013,0.6365726701915264,91.9873297214508,0.03310438187327236,7.3429882526397705
qGEN27,velocitÃ massima di un tornado,0.35138167440891266,99.64861869812012,7.288231700658798,17.562924325466156,0.18940659938380122,74.95943903923035
qGEN28,creazione di un tornado,0.026953208725899458,99.97304081916809,24.44818466901779,72.12045788764954,0.03705038398038596,3.394308313727379
qGEN29,effetti del tornado,0.023814472660887986,99.97618794441223,0.44098440557718277,99.21155571937561,0.020769044931512326,0.3266888903453946
qGEN30,nascita di un tornado,0.025694468058645725,99.97430443763733,19.314783811569214,78.46000790596008,0.035969819873571396,2.1892372518777847
qGEN31,sinonimi di tornado,0.022283576254267246,99.97771382331848,0.1607862999662757,15.422719717025757,0.17833022866398096,84.23817157745361
qGEN32,sviluppo di un tornado,0.02641766332089901,99.97357726097107,17.673106491565704,79.2479932308197,0.04010629199910909,3.0387887731194496
qGEN33,sviluppo di un tornado e i suoi effetti,0.030057679396122694,99.96994733810425,0.42302762158215046,1.6307886689901352,0.03208024718333036,97.91410565376282
qGEN34,la piramide egizia piÃ¹ alta,99.92914199829102,0.07085975375957787,98.58661890029907,0.10729363420978189,0.20791084971278906,1.098185870796442
qGEN35,mostro nero uragano,0.031011280952952802,99.96899366378784,21.7077374458313,1.7406631261110306,0.04934678436256945,76.50225162506104
qGEN36,sviluppo del tornado,0.024066811602097005,99.97593760490417,0.8240112103521824,98.32616448402405,0.022296559473033994,0.8275342173874378
qGEN37,3 animali in estinzione,0.024688072153367102,99.97531771659851,0.033001299016177654,85.42442917823792,12.555097043514252,1.9874682649970055
qGEN38,classificazione del leopardo delle nevi,96.07901573181152,3.920978680253029,99.78088736534119,0.11672520777210593,0.021487651974894106,0.08090425399132073
qGEN39,come possiamo aiutare le specie in estinzione,0.023582958965562284,99.97641444206238,0.03473024116829038,99.752277135849,0.07643995340913534,0.13655665097758174
qGEN40,quanti sono gli esemplari rimasti del fantasma delle montagne,0.021202924835961312,99.9787986278534,0.02688207314349711,99.80623126029968,0.06502313772216439,0.1018593437038362
qGEN41,come viene classificato il leopardo delle nevi,99.22048449516296,0.7795101031661034,94.29547190666199,0.7902158424258232,0.2273381222039461,4.686981439590454
qGEN42,cosa possiamo fare per aiutare le specie in estinzione,0.024264615785796195,99.97573494911194,0.039374970947392285,99.81021285057068,0.057537463726475835,0.0928833382204175
qGEN43,cosa possiamo fare per aiutare le specie in estinzione?quali sono i rischi e come sia possibile aiutare la specie in via di estinzioni,0.020843525999225676,99.97915625572205,0.03690778976306319,99.57784414291382,0.04071124130859971,0.34453750122338533
qGEN44,fantasmi delle montagne,99.95260238647461,0.04740427539218217,99.65918064117432,0.2557801082730293,0.035297771682962775,0.04974160110577941
qGEN45,trova tre animali a rischio di estinzione,0.023127943859435618,99.97686743736267,0.11608080239966512,0.15135285211727023,0.11156648397445679,99.6209979057312
qGEN46,classificazione leopardo delle nevi,54.55942153930664,45.4405814409256,83.87916088104248,14.301711320877075,0.20572375506162643,1.613406278192997
qGEN47,come aiutare le specie in estinzione,0.02237239677924663,99.9776303768158,0.02368747809669003,99.65285658836365,0.19221040420234203,0.13125186087563634
qGEN48,come aiutarele specie in estinzione,0.021997599105816334,99.9779999256134,0.025547563564032316,98.14171195030212,1.6234846785664558,0.20925668068230152
qGEN49,esemplari rimasti del fantasma delle nevi,0.021983867918606848,99.97801184654236,0.02368763816775754,99.77734684944153,0.131599057931453,0.06736249197274446
qGEN50,esemplari rimasti di fantasma delle montagne,0.021903630113229156,99.97809529304504,0.02258504828205332,99.70851540565491,0.157959817443043,0.11093561770394444
qGEN51,pericoli per le specie animali,0.03780107363127172,99.96219873428345,0.2052105963230133,14.076395332813263,9.426922351121902,76.29147171974182
qGEN52,fantasma delle montagne specie rimaste,0.02798134519252926,99.97201561927795,0.07636781665496528,82.97879099845886,15.668900310993195,1.2759375385940075
qGEN53,fantasma delle montagne wwf,99.88321661949158,0.1167785725556314,99.88422989845276,0.0707580300513655,0.020850282453466207,0.024174943973775953
qGEN54,leopardo delle nevi,0.11864372063428164,99.88136291503906,64.7230863571167,17.180392146110535,0.3238153178244829,17.772696912288666
qGEN55,tre animali a rischio estinzione,0.024866900639608502,99.97512698173523,0.0826115079689771,0.24671945720911026,0.2048984868451953,99.4657814502716
qGEN56,qual Ã il vulcano attivo piÃ¹ antico del mondo?,5.302926525473595,94.69707608222961,67.01352000236511,29.6879380941391,0.2315556164830923,3.0669935047626495
qGEN57,tipo di eruzione piÃ¹ dannoso,0.02169768267776817,99.97829794883728,0.046766578452661633,0.14822428347542882,0.4208564758300781,99.38415288925171
qGEN58,in quale stato si trova il vulcano piÃ¹ piccolo,0.09599389159120619,99.90400671958923,0.2616653684526682,65.04858732223511,0.30159002635627985,34.38815474510193
qGEN59,qual Ã il vulcano piÃ¹ attivo piÃ¹ antico,99.20004606246948,0.799948163330555,96.64224982261658,1.9009847193956375,0.04282295994926244,1.4139464125037193
qGEN60,quale tipologia di eruzione provoca piÃ¹ danni,0.022248632740229368,99.97774958610535,0.06058266153559089,0.18230846617370844,0.10937114711850882,99.64774250984192
qGEN61,vulcani tipologia di eruzioni danni,0.025846681091934443,99.97414946556091,0.09532786789350212,0.11282365303486586,0.10417490266263485,99.68767166137695
qGEN62,dove si trova il Vulcano Piu piccolo,0.48282439820468426,99.51717257499695,0.12612383579835296,74.43893551826477,6.223279982805252,19.211658835411072
qGEN63,vulcano piÃ¹ antico attivo,99.26857948303223,0.7314254064112902,82.9725444316864,0.4448866471648216,0.18295227782800794,16.399624943733215
qGEN64,come si formano i vulcani,0.036201736656948924,99.96379613876343,0.06658758502453566,0.5558690521866083,2.9803792014718056,96.39716148376465
qGEN65,un bambino sano quanto pasti fa al giorno,18.839040398597717,81.16096258163452,0.07766525959596038,2.30929609388113,0.7142605260014534,96.89877033233643
qGEN66,quali sono i punti cardinali,99.96697902679443,0.0330228271195665,5.994049087166786,1.2134667485952377,43.451446294784546,49.34103786945343
qGEN67,quali sono le cose piÃ¹ importanti della moto,99.97593760490417,0.02406091516604647,99.93205070495605,0.026548875030130148,0.019610578601714224,0.021786734578199685
qGEN68,quando inizia il periodo paleolitico e neolitico,59.91796255111694,40.082040429115295,9.14200246334076,5.1100172102451324,0.5090889986604452,85.23889183998108
qGEN69,zigurat,99.97690320014954,0.023093083291314542,99.91821646690369,0.02805280964821577,0.026403085212223232,0.02732973371166736
qGEN70,trova 3 animali a rischio di estinzione,0.023325392976403236,99.97667670249939,0.09929508669301867,0.14959609834477305,0.12208025436848402,99.62903261184692
qGEN71,quali sono i punti cardinali?,99.52966570854187,0.4703365731984377,0.18058965215459466,5.759043246507645,75.91472268104553,18.145641684532166
qGEN72,quali sono gli animali in estinzione?,0.022185067064128816,99.97782111167908,0.023601806606166065,4.143906384706497,80.01200556755066,15.820494294166565
qGEN73,dove si trova la piramide di cheope,0.07251728675328195,99.92747902870178,9.943445026874542,3.121672198176384,0.6439847871661186,86.29089593887329
qGEN74,immagine piramide egizia,0.04301394510548562,99.9569833278656,3.169374540448189,0.9933269582688808,44.59242522716522,51.24487280845642
qGEN75,gli animali in estinzione,0.02282175119034946,99.9771773815155,0.044953636825084686,70.75507044792175,23.271191120147705,5.928784981369972
qGEN76,i vulcani,0.1811917987652123,99.81880784034729,99.13479685783386,0.06945395143702626,0.062139396322891116,0.7336108013987541
qGEN77,i vulcani piÃ¹ grandi del mondo,98.99852275848389,1.001478172838688,99.86026883125305,0.03524936910253018,0.023079475795384496,0.08140685386024415
qGEN78,la piramide piÃ¹ alta,0.027333572506904602,99.97265934944153,14.22654241323471,3.2028377056121826,4.889671504497528,77.68093943595886
qGEN79,punti cardinali,0.19043268403038383,99.8095691204071,0.11842499952763319,0.5988336633890867,63.50547671318054,35.77726483345032
qGEN80,qual e il vulcano piÃ¹ grande,99.9568521976471,0.04314613761380315,99.92766976356506,0.035837088944390416,0.01711889635771513,0.01937447377713397
qGEN81,qual Ã la piramide egizia piÃ¹ alta?,99.78646636009216,0.2135327784344554,99.44827556610107,0.14618441928178072,0.07221810519695282,0.3333271713927388
qGEN82,come scaricare musica da youtube,99.8606026172638,0.13939487980678678,0.028529393603093922,3.7806015461683273,94.92488503456116,1.2659788131713867
qGEN83,chi e il padre di micerino,0.11152831139042974,99.88847374916077,42.47039258480072,56.68851137161255,0.1019643503241241,0.7391326129436493
qGEN84,come venivano costruite le piramidi egizie,0.2337076235562563,99.7662901878357,4.349111393094063,3.5171624273061752,74.22804236412048,17.905688285827637
qGEN85,qual e la piramide egizia piu alta,98.23906421661377,1.7609396949410439,99.7972309589386,0.027300126384943724,0.08101831772364676,0.09445264004170895
qGEN86,quanto e alta la tomba del padre di micerino,0.03482285828795284,99.96517896652222,0.5758807994425297,99.290531873703,0.0566535338293761,0.07693668594583869
qGEN87,quanto e alta la tomba di cheope,0.021259463392198086,99.97873902320862,0.15300004743039608,99.64106678962708,0.14199836878105998,0.0639379839412868
qGEN88,quali sono le regole principali della pallavolo,99.96998310089111,0.030019934638403356,99.89655017852783,0.02554392267484218,0.030202613561414182,0.047707901103422046
qGEN89,la regione con piu squadre di pallavolo,99.84884262084961,0.1511537004262209,99.48716163635254,0.15946469502523541,0.0625676300842315,0.2908058697357774
qGEN90,qual e la piramide egizia piu alta?,0.747324526309967,99.25267696380615,70.56782841682434,0.8158487267792225,16.32823795080185,12.288083881139755
qGEN91,quanti giocatri ci sono in ogni squadra di ginnastica,99.96281862258911,0.03717878716997802,99.65571165084839,0.04683065344579518,0.19559809006750584,0.10186585132032633
qGEN92,quanti giocatri ci sono in ogni squadra di pallavolo,99.96631145477295,0.03368777979630977,99.90719556808472,0.03188452683389187,0.026412360602989793,0.03450114163570106
qGEN93,regioni italÃ 8iane con piu squadre di pallavolo,99.83038902282715,0.16961381770670414,93.65630745887756,2.004951797425747,4.020833969116211,0.3179016290232539
qGEN94,quanti leopardi delle nevi sono rimasti,0.0261106644757092,99.9738872051239,0.020965149451512843,98.39719533920288,1.404856238514185,0.17698078881949186
qGEN95,cosa possiamo fare per salvare gli animali in estinzione,0.028043173369951546,99.97195601463318,0.03661527007352561,95.17762064933777,4.335891455411911,0.449871551245451
qGEN96,cosa sono fantasma delle montagne,0.021821710106451064,99.97817873954773,0.01483191445004195,99.30232763290405,0.47284956090152264,0.20998527761548758
qGEN97,classificazione del Leopardo delle nevi,99.88765120506287,0.11234617559239268,20.080958306789398,3.7466485053300858,62.57210373878479,13.600289821624756
qGEN98,classificazione del panthera uncia,99.9754250049591,0.024569721426814795,99.92596507072449,0.032343450584448874,0.024922937154769897,0.016769161447882652
qGEN99,classificazione del panthera uncia in italiano,99.83160495758057,0.16840060707181692,80.48145174980164,1.2238996103405952,17.301230132579803,0.9934241883456707
qGEN100,come possiamo aiutare le specie in pericolo,0.025512705906294286,99.97448325157166,2.8843559324741364,27.33658254146576,0.040705903666093946,69.73835825920105
qGEN101,come si puo aiutare le specie in pericolo,0.025505968369543552,99.97449517250061,0.5680547095835209,83.12311172485352,0.08238224545493722,16.226454079151154
qGEN102,fantasma della montagna,99.9442994594574,0.055697152856737375,6.546083837747574,0.9916758164763451,3.4714821726083755,88.99075984954834
qGEN103,tre animali in via di estinzione,0.023462653916794807,99.97653365135193,0.11079481337219477,19.44175660610199,12.360315769910812,68.08714270591736
qGEN104,classificazione delleopardo delle nevi,2.1189160645008087,97.88109064102173,35.53610146045685,12.935307621955872,0.22778285201638937,51.30080580711365
qGEN105,cosa fa l IUCN per aiutare gli animali in via di estinzione,0.021560356253758073,99.97844099998474,0.024128066434059292,99.18642044067383,0.6981744896620512,0.09128504898399115
qGEN106,tre animali a rischio estinzione,0.024866900639608502,99.97512698173523,0.0826115079689771,0.24671945720911026,0.2048984868451953,99.4657814502716
qGEN107,wwf in via di estinzione,0.022711136261932552,99.9772846698761,0.0329439906636253,26.108595728874207,45.50168514251709,28.356778621673584
qGEN108,FANTASMA DELLE MONTAGNE,99.97729659080505,0.02270905824843794,99.9363362789154,0.02287702518515289,0.020660673908423632,0.020129940821789205
qGEN109,quanti esemplari di leopardo delle nevi sono rimasti,0.22407060023397207,99.7759222984314,0.1732999342493713,99.01665449142456,0.16148323193192482,0.6485593970865011
qGEN110,quanti specie di FANTASMA DELLE MONTAGNE sono rimasti,99.96113181114197,0.038870738353580236,96.4606761932373,0.05779677885584533,3.442741185426712,0.03878725110553205
qGEN111,qual e la regione con piÃ¹ squadre di calcio d italia,99.71421360969543,0.2857865300029516,99.43881630897522,0.18459218554198742,0.1420548534952104,0.23454157635569572
qGEN112,che velocitÃ viaggia un tornado,0.026127626188099384,99.97387528419495,59.06358361244202,35.4344367980957,0.0839316169731319,5.4180532693862915
qGEN113,cosa e il tornado mostro nero,0.02298601611983031,99.97701048851013,0.009233387390850112,0.07946574478410184,99.38132762908936,0.5299664102494717
qGEN114,padre di Micerino,0.05819470970891416,99.94180202484131,0.1449532457627356,98.97968173027039,0.7493559271097183,0.12601615162566304
qGEN115,quanto Ã alta la tomba di Chefren,0.0476813962450251,99.95231628417969,0.13098239433020353,99.75403547286987,0.0687839463353157,0.046198739437386394
qGEN116,Chi era il padre di Micerino ?,0.053798098815605044,99.94620680809021,0.3824181156232953,99.14008975028992,0.1317035872489214,0.3457872895523906
qGEN117,Il figlio di Chefren,99.92808699607849,0.07190965698100626,99.46184754371643,0.17983007710427046,0.030830048490315676,0.32749774400144815
qGEN118,Il padre di Micerino,0.26624188758432865,99.73375201225281,57.15019702911377,36.92517876625061,0.4708862863481045,5.4537370800971985
qGEN119,Quanto e alta la tomba di Cheope?,0.025215669302269816,99.97478127479553,0.08184210164472461,99.37071204185486,0.3692472819238901,0.17820247448980808
qGEN120,Si e scoperto il padre di Micerino?,0.059360149316489697,99.94064569473267,75.56194067001343,12.299276888370514,0.2181499032303691,11.920633912086487
qGEN121,Come si costruivano le piramidi Egizie?,0.026544660795480013,99.97345805168152,0.007271162030519918,0.4487721249461174,99.08491373062134,0.4590401891618967
qGEN122,Dove si trova la piramide di Cheope?,0.12042267480865121,99.8795747756958,0.37318633403629065,44.08615231513977,0.7684214040637016,54.77224588394165
qGEN123,Quale e la piramide egizia piu alta ?,0.06453164387494326,99.93546605110168,85.48473715782166,0.5784657783806324,8.56189876794815,5.374891310930252
qGEN124,Quanto era alta la tomba del padre di Micerino?,0.05188533687032759,99.94811415672302,0.033382209949195385,99.53640699386597,0.09509308147244155,0.3351139836013317
qGEN125,come si costruisce una piramide egizia?,0.023873923055361956,99.97612833976746,0.004817215813091025,0.13273977674543858,99.7397780418396,0.12266663834452629
qGEN126,come si costruiscono delle piramidi Egizie?,0.0272848061285913,99.9727189540863,0.006579655018867925,0.06604420486837626,99.85973238945007,0.06763722631148994
qGEN127,qual e la squadra piu anticha del calcio,0.021349370945245028,99.97865557670593,0.011792461737059057,0.024414167273789644,99.93940591812134,0.024392451450694352
qGEN128,quanti sono gli esemplari rimasti di fantasma delle montagne?,0.021203815413173288,99.9787986278534,0.020037242211401463,99.62271451950073,0.20303803030401468,0.1542124547995627
qGEN129,tre animali a rischio di estinzione,0.02341764629818499,99.97658133506775,0.08653435506857932,0.2397335832938552,0.19242779817432165,99.4813084602356
qGEN130,un fantasma delle montagne foto,0.02170126244891435,99.97829794883728,0.02626613131724298,99.79584217071533,0.06804044242016971,0.10984495747834444
qGEN131,che velocita puo raggiungere un tornado,0.371729489415884,99.62827563285828,2.88727805018425,34.859248995780945,0.29029936995357275,61.96317672729492
qGEN132,come erano costruite le piramidi egizie,0.7807791233062744,99.21922087669373,30.75098693370819,6.030035391449928,36.68446242809296,26.534515619277954
qGEN133,cosa possiamo fare per salvare gli animali a rischio di estintione,0.025511730927973986,99.97448325157166,0.08298673201352358,96.22596502304077,0.08077534148469567,3.6102723330259323
qGEN134,quale la piramide egizia piu alta,0.09104940691031516,99.90894794464111,99.18821454048157,0.057903246488422155,0.4644880071282387,0.28939503245055676
qGEN135,quanto Ã alta la tomba del padre di micerino,0.20761648193001747,99.79238510131836,0.6522228009998798,99.2563545703888,0.04160215030424297,0.04982079844921827
qGEN136,vulcano attivo piu atlantico,4.675430431962013,95.32456994056702,0.07320109289139509,0.13961594086140394,0.20217201672494411,99.58500862121582
qGEN137,Micerino,0.03377241955604404,99.96622800827026,0.31963661313056946,11.71010509133339,28.726670145988464,59.24358367919922
qGEN138,come si fa una piramide egizia,0.02451632171869278,99.97548460960388,0.006008453055983409,0.07215003133751452,99.75680708885193,0.1650406396947801
qGEN139,qual Ã la piramide egizia piu alta,99.96702671051025,0.03297834191471338,99.875807762146,0.03199990023858845,0.03522898769006133,0.05696330335922539
qGEN140,quanto Ã alta la tomba del padre di micerino,0.20761648193001747,99.79238510131836,0.6522228009998798,99.2563545703888,0.04160215030424297,0.04982079844921827
qGEN141,quanto Ã alta la tomba del padre micerino,0.1031670137308538,99.89683628082275,0.3294870024546981,99.59073066711426,0.04530050791800022,0.03447493945714086
qGEN142,quanto Ã alta la tomba di micerino,0.03990913101006299,99.96009469032288,12.368045002222061,87.37318515777588,0.1392112928442657,0.11955562513321638
qGEN143,quanto Ã l alta la tomba di micerino,0.03793887153733522,99.96205568313599,10.826041549444199,88.82604241371155,0.1893843524158001,0.15853213844820857
qGEN144,CHE VELOCITA PUO RAGGIUNGERE UN TORNADO FENOMENO NATURALE,99.96480941772461,0.035189653863199055,99.92096424102783,0.019951447029598057,0.03457065322436392,0.024514595861546695
qGEN145,QUALI SONO GLI ALTRI NOMI DI UN TORTANADO,99.63816404342651,0.36183453630656004,99.88313317298889,0.021351076429709792,0.06663852254860103,0.02887692826334387
qGEN146,esemplari fantasma delle montagne,0.0216236017877236,99.97838139533997,0.023861153749749064,99.73358511924744,0.0787050579674542,0.16384741757065058
qGEN147,azioni per evitare estinzione degli animali,0.028772317455150187,99.97122883796692,0.06202399963513017,10.366538166999817,2.3718662559986115,87.19956874847412
qGEN148,la classificazione del leopardo delle nevi,86.68124079704285,13.318757712841034,82.98223614692688,0.8761457167565823,0.25383445899933577,15.887777507305145
qGEN149,quali sono gli esemplari rimasti di fantasma delle nevi,0.02135114191332832,99.97865557670593,0.024630245752632618,30.38824200630188,63.903337717056274,5.6837912648916245
qGEN150,quanti sono gli esemplari rimasti di fantasma delle nevi,0.02149604551959783,99.97850060462952,0.025363906752318144,29.260575771331787,63.73823285102844,6.975828111171722
qGEN151,tigre bianca,0.13997794594615698,99.860018491745,97.93463945388794,0.11126844910904765,0.10745624313130975,1.8466344103217125
qGEN152,come si formano i vulcani,0.036201736656948924,99.96379613876343,0.06658758502453566,0.5558690521866083,2.9803792014718056,96.39716148376465
qGEN153,come si Ã formato un vulcano,99.90449547767639,0.0954992778133601,99.38448667526245,0.3706832183524966,0.01165186840808019,0.23318363819271326
qGEN154,in quale stato si trova il vulcano piÃ¹ piccolo,0.09599389159120619,99.90400671958923,0.2616653684526682,65.04858732223511,0.30159002635627985,34.38815474510193
qGEN155,qual Ã il vulcano attivo piÃ¹ antico,98.89156818389893,1.1084332130849361,95.2383041381836,3.541809320449829,0.0714058754965663,1.1484875343739986
qGEN156,come aiutare gli animali in via di estinzion ?,0.021472836670000106,99.97852444648743,0.0188717371202074,99.59057569503784,0.2809513593092561,0.10959634091705084
qGEN157,come viene classificato il leopardo delle nevi ?,0.25119148194789886,99.7488021850586,0.8766693063080311,12.781903147697449,21.041086316108704,65.30033946037292
qGEN158,cosa possiamo fare per aiutare la specie in estinzione?,0.021362485131248832,99.97864365577698,0.028785105678252876,99.82327222824097,0.07986427517607808,0.06808088510297239
qGEN159,quale tipologia di eruzione provoca piÃ¹ danni?,0.02173849643440917,99.97826218605042,0.05316726746968925,0.22388396319001913,0.12054177932441235,99.60240125656128
qGEN160,che velcitÃ puÃ² raggiungere un tornado,0.022239684767555445,99.9777615070343,0.023952794435899705,93.72752904891968,5.902088433504105,0.3464312292635441
qGEN161,come si forma un tornado,0.720523577183485,99.27946925163269,98.79751801490784,1.083879265934229,0.007524868124164641,0.11107281316071749
qGEN162,dove e quando avvenÃ il mostro nero tornado,0.021399666729848832,99.97859597206116,0.009292516187997535,0.044058370986022055,99.7342050075531,0.2124367980286479
qGEN163,leopardo delle nevi,0.11864372063428164,99.88136291503906,64.7230863571167,17.180392146110535,0.3238153178244829,17.772696912288666
qGEN164,leopardo delle nevi classificazione,42.14274883270264,57.85725116729736,0.3822894999757409,1.4218985103070736,0.13111889129504561,98.06469678878784
qGEN165,come aiutare le specie in estinzione focus,0.023068590962793678,99.97692704200745,0.03170404816046357,98.40583205223083,0.2498206915333867,1.312647107988596
qGEN166,come viene classificata il leopardo delle nevi,99.81923699378967,0.1807580585591495,99.73140358924866,0.08586645126342773,0.028832099633291364,0.1539020799100399
qGEN167,quante specie di leopardi delle nevi esistono,0.030966318445280194,99.96904134750366,0.00649962603347376,0.20396732725203037,99.58944320678711,0.20008711144328117
qGEN168,come aiutare gli animali in via di estinzione?,0.02155902038794011,99.97844099998474,0.018233494483865798,99.30440783500671,0.5524876993149519,0.12486788909882307
qGEN169,come viene classificato il leopardo delle nevi ?,0.25119148194789886,99.7488021850586,0.8766693063080311,12.781903147697449,21.041086316108704,65.30033946037292
qGEN170,quanti esemplari sono rimasti di fantasma delle montagne?,0.0216194152017124,99.97838139533997,0.01947277196450159,99.58894848823547,0.25112926959991455,0.14045443385839462
qGEN171,quali animali sono in via di estinzione,0.02346247638342902,99.97653365135193,0.1288878032937646,51.604461669921875,1.6820583492517471,46.5845912694931
qGEN172,come possiamo salvare gli animali quasi estinti,0.03162628854624927,99.96837377548218,0.07089091232046485,96.56945466995239,2.104390226304531,1.255264040082693
qGEN173,quanti sono gli esemplari di leopardo delle nevi,99.87850785255432,0.12149707181379199,99.31723475456238,0.376648036763072,0.06840013084001839,0.2377125434577465
qGEN174,come si sviluppa un tornado,0.03486481145955622,99.9651312828064,26.466834545135498,34.555989503860474,0.04851343110203743,38.92866373062134
qGEN175,altri nomi del tornado,0.02238933666376397,99.97760653495789,0.3398509928956628,96.13609910011292,0.03328511957079172,3.490772098302841
qGEN176,mostro nero,0.03461945161689073,99.96538162231445,93.61270070075989,3.5196058452129364,0.7909776642918587,2.076711133122444
qGEN177,quando Ã avvenuto il mostro nero,0.021657234174199402,99.9783456325531,0.011520120460772887,0.2792038721963763,99.68143105506897,0.027855136431753635
qGEN178,sinonimi del tornado,0.023891021555755287,99.97610449790955,0.24263947270810604,45.570534467697144,0.8388886228203773,53.347939252853394
qGEN179,velocitÃ massima del tornado,0.02816924825310707,99.97182488441467,0.2661618171259761,18.6832457780838,0.415491359308362,80.63510656356812
qGEN180,velociraptor dove e quando e vissuto,22.62096107006073,77.37904191017151,0.5480168387293816,98.53218793869019,0.03305870632175356,0.8867330849170685
qGEN181,come si localizza un punto su una mappa,99.6450662612915,0.3549274289980531,0.23068333975970745,15.43358564376831,17.101390659809113,67.2343373298645
qGEN182,quale stella utilizzano gli abitanti dell emisfero boreale per orientarsi,70.48516869544983,29.51483428478241,0.059323356254026294,1.4133418910205364,3.513314202427864,95.01401782035828
qGEN183,quali sono le coordinate geografiche,99.93510842323303,0.0648871180601418,66.54682159423828,4.1474707424640656,14.805984497070312,14.49972540140152
qGEN184,chi era san giuseppe,82.25536942481995,17.744629085063934,1.471106894314289,97.06695675849915,1.075739972293377,0.3861932782456279
qGEN185,come e nata la festa del papa,99.97079968452454,0.029201636789366603,99.92637038230896,0.02573493984527886,0.0218945526285097,0.02599859144538641
qGEN186,quali sono due ingredienti del dolce tipico della festa del papa,99.97499585151672,0.025005132192745805,99.93775486946106,0.02113225928042084,0.016237329691648483,0.024872401263564825
qGEN187,qual e la regione con piÃ¹ squadre di basket,99.76099729537964,0.23900114465504885,97.54993915557861,1.6513880342245102,0.08888080483302474,0.709790363907814
qGEN188,quale squadra di basket ha piÃ¹ anni di attivitÃ,99.70139265060425,0.2986067906022072,99.76184964179993,0.1821185345761478,0.03409407217986882,0.021929161448497325
qGEN189,quali sono le regole del basket,99.96558427810669,0.034419563598930836,99.70771074295044,0.046762396232225,0.1275257207453251,0.11800377396866679
qGEN190,quanti giocatori ci sono in ogni squadra di basket,99.9755322933197,0.02446597791276872,99.9189555644989,0.02927198656834662,0.020880419469904155,0.030890971538610756
qGEN191,cosa possiamo fare per aiutare le specie in via di estinzione,0.023889244766905904,99.9761164188385,0.05085873999632895,99.81532692909241,0.04133065231144428,0.09247942944057286
qGEN192,quanti esemplari rimangono di leopardo delle nevi,0.13184808194637299,99.86814856529236,14.686724543571472,81.89788460731506,0.46201529912650585,2.9533784836530685
qGEN193,qual e il torneo piÃ¹ vecchio di tennis,0.02863087283913046,99.97137188911438,0.21495267283171415,99.5417594909668,0.14898368390277028,0.09430227219127119
qGEN194,quali sono le regole del tennis,99.96424913406372,0.035746098728850484,99.69133138656616,0.04725629114545882,0.1320787938311696,0.1293389592319727
qGEN195,quando e nato il tennis,99.18034076690674,0.8196553215384483,98.79106283187866,0.5433899350464344,0.21819192916154861,0.447347154840827
qGEN196,come si trova un punto su una mappa,99.79748129844666,0.2025137422606349,1.7104502767324448,26.34643316268921,0.5529597867280245,71.39015793800354
qGEN197,come si sviluppa un tornado,0.03486481145955622,99.9651312828064,26.466834545135498,34.555989503860474,0.04851343110203743,38.92866373062134
qGEN198,il mostro nero e un tornado,0.023755237634759396,99.976247549057,0.9016519412398338,0.18084896728396416,98.2981264591217,0.6193683948367834
qGEN199,i vantaggi della dieta mediterranea,99.92005228996277,0.07995188934728503,99.48061108589172,0.05764574743807316,0.09312539477832615,0.36862134002149105
qGEN200,in quanti pasti si deve suddividere la quantitÃ di cibo di una ragazza sana,99.89508390426636,0.10490801651030779,1.2795202434062958,6.102506071329117,36.91108822822571,55.706894397735596
qGEN201,quali cibi forniscono carboidrati,0.029853798332624137,99.970144033432,0.054657034343108535,17.576439678668976,36.80007457733154,45.56882381439209
qGEN202,qual e il vulcano attivo piÃ¹ antico,99.85061287879944,0.1493851188570261,99.58643913269043,0.1285632373765111,0.03756284713745117,0.24743531830608845
qGEN203,quali sono i tipi di eruzione,0.05198781727813184,99.94801878929138,0.1682471833191812,0.5531400442123413,0.08027363801375031,99.19833540916443
qGEN204,le regole del motocross,99.87898468971252,0.12101451866328716,99.31200742721558,0.08504628203809261,0.1678277039900422,0.4351156298071146
qGEN205,come si sviluppa un tornado e i suoi effetti,0.026041053934022784,99.97395873069763,0.27558489236980677,0.6122398655861616,0.034761332790367305,99.07740950584412
qGEN206,quali sono gli altri nomi del tornado,0.022988865384832025,99.97701048851013,0.6365726701915264,91.9873297214508,0.03310438187327236,7.3429882526397705
qGEN207,il leopardo delle nevi e invertebrato o vertebrato,98.76932501792908,1.2306714430451393,11.849699914455414,10.907930135726929,0.3469681367278099,76.89540982246399
qGEN208,come possiamo aiutare gli animali in estinzione,0.03320355899631977,99.96680021286011,0.03444348694756627,99.80231523513794,0.0754062901251018,0.087842030916363
qGEN209,quanti sono i fantasmi delle montagne,0.021325077977962792,99.97867941856384,0.0443399854702875,30.89960813522339,0.8012626320123672,68.25479865074158
qGEN210,tre animal a rischio estinzione,0.025698711397126317,99.97430443763733,0.1114932238124311,0.17818394117057323,0.2335486700758338,99.47676658630371
qGEN211,il mostro nero tornado che cos Ã,0.022013968555256724,99.97798800468445,5.389189720153809,0.25885789655148983,13.155141472816467,81.19681477546692
qEM1,le conseguenze negative della distruzione della foresta amazzonica,0.02215990680269897,99.97784495353699,0.038651685463264585,12.979912757873535,30.822470784187317,56.15895986557007
qEM2,Dove si trova l isola di plastica,0.021780095994472504,99.97822642326355,0.006330550240818411,1.2147825211286545,98.59991669654846,0.17896619392558932
qEM3,Dove si trova l isola di plastica,0.021780095994472504,99.97822642326355,0.006330550240818411,1.2147825211286545,98.59991669654846,0.17896619392558932
qEM4,I ghiacciai in via di estinzione,0.025081943022087216,99.97491240501404,0.06026857299730182,3.792526200413704,2.1486157551407814,93.9985990524292
qEM5,Il ghiacciaio piÅ in via di estinzione,0.023444945691153407,99.97655749320984,0.07231452036648989,0.671401945874095,1.0380219668149948,98.21826815605164
qEM6,Le regole per tenere le spiagge pulite,0.07459777989424765,99.9254047870636,82.3388934135437,2.6935143396258354,3.254333883523941,11.713256686925888
qEM7,Le regole per tenere le spiagge pulite,0.07459777989424765,99.9254047870636,82.3388934135437,2.6935143396258354,3.254333883523941,11.713256686925888
qEM8,Le spiagge piÅ piÃ¹ pulite,99.59861636161804,0.4013754893094301,99.439936876297,0.32739269081503153,0.13349774526432157,0.09917006827890873
qEM9,Quale nome si usa per definire una personache ha a cuore l,99.96765851974487,0.032343436032533646,99.89773035049438,0.057035713689401746,0.014684729103464633,0.03055896086152643
qEM10,perchÃ gli orsi polari si stanno estinguendo,0.024146591022145003,99.97585415840149,0.03298839437775314,99.4642972946167,0.04940959042869508,0.453299842774868
qEM11,perchÃ gli orsi polari si stanno estinguendo,0.024146591022145003,99.97585415840149,0.03298839437775314,99.4642972946167,0.04940959042869508,0.453299842774868
qEM12,perchÃ gli orsi polari si stanno estinguendo sito babbanas,0.02390713052591309,99.97609257698059,0.061125948559492826,94.06306147575378,0.08840009686537087,5.787409842014313
qEM13,BiodiversitÃ,0.024746684357523918,99.97525811195374,0.15807279851287603,20.77300250530243,73.82003664970398,5.248885974287987
qEM14,CosÃ il buco nel azono,0.021309386647772044,99.9786913394928,0.16204806743189692,96.66523337364197,0.9853057563304901,2.187410369515419
qEM15,Dove si trova lisola di plastica,0.022041988268028945,99.97796416282654,0.01533650211058557,18.420816957950592,80.5457055568695,1.0181463323533535
qEM16,Perche gli orsi polari diminuen,0.0253137550316751,99.97468590736389,0.03325827419757843,0.48271422274410725,0.6057229358702898,98.8783061504364
qEM17,Quanto psa lisola di plastica,0.022363588504958898,99.97764229774475,0.02004728448810056,11.618264764547348,87.61845231056213,0.743242260068655
qEM18,Temperature estivepiu elevate del 2019,0.31085575465112925,99.6891438961029,0.07748855277895927,0.18675826722756028,0.1147043309174478,99.62104558944702
qEM19,Cose il buco nello zono?,0.02195117122028023,99.97804760932922,0.007712434307904914,0.4738946445286274,99.42007064819336,0.0983178848400712
qEM20,Isola di plastica posto,0.021683248633053154,99.97832179069519,0.01278985437238589,1.2855730019509792,96.14028334617615,2.5613542646169662
qEM21,Isola diplastica cosÃ,0.0212443686905317,99.97876286506653,0.08973903604783118,29.97024357318878,64.37888145446777,5.561137571930885
qEM22,Lisola di plastica cosa Ã,0.032751093385741115,99.9672532081604,2.2952431812882423,96.7243492603302,0.7189495489001274,0.261461129412055
qEM23,Nomi spiagge bandiera pulizia,0.028668181039392948,99.97132420539856,0.03740518004633486,0.05908250459469855,99.85008239746094,0.05343722295947373
qEM24,PerchÃ gli orsi polari diminuiscono?,0.02419512311462313,99.97580647468567,0.04079810169059783,2.655457518994808,5.64214400947094,91.66159629821777
qEM25,Peso bottiglia di plastica,0.021759419178124517,99.9782383441925,0.013539593783207238,0.8153420872986317,97.98070192337036,1.1904229409992695
qEM26,Quale ghiacciaio si sta sciogliendosi in modo preoccupante,0.02134731475962326,99.97865557670593,0.11674683773890138,0.09714227635413408,0.07949683349579573,99.70661997795105
qEM27,Spiagge con la bandiera della pulizia,0.021258024207782,99.97873902320862,0.00996390008367598,0.02865537826437503,99.93707537651062,0.024318601936101913
qEM28,3 Spiagge con bandiera blu,0.04653448413591832,99.95347261428833,98.96008372306824,0.14138598926365376,0.35652341321110725,0.5419984925538301
qEM29,Spiagge con bandiera blu,0.6838243920356035,99.31617975234985,99.35606718063354,0.06491052336059511,0.21808964665979147,0.36093073431402445
qEM30,Temperature estive superano quelle misurate nel 2019,0.08873431361280382,99.91126656532288,0.04000213521067053,1.1378358118236065,2.043008990585804,96.77915573120117
qEM31,spiagge bandiera blu 2019,99.90805387496948,0.09194270824082196,99.81460571289062,0.03988762910012156,0.0163661185069941,0.12914801482111216
qEM32,spiagge bandiera blu 2019 molise,99.94766116142273,0.05233851261436939,90.1969850063324,0.24666879326105118,0.4012135323137045,9.155134856700897
qEM33,Regole per tenere pulite le spiagge,0.024229382688645273,99.9757707118988,0.026027823332697153,0.795343890786171,98.30412864685059,0.8745033293962479
qEM34,Spiagge con bandiera b,0.062114326283335686,99.93788003921509,90.10435938835144,0.3640300128608942,4.155853763222694,5.375748127698898
qEM35,Spiagge con bandiera blu,0.6838243920356035,99.31617975234985,99.35606718063354,0.06491052336059511,0.21808964665979147,0.36093073431402445
qEM36,Spiagge con bandiera della loro pulizia,0.02322969085071236,99.97677206993103,0.009887783380690962,0.02850856981240213,99.9372661113739,0.02434324414934963
qEM37,Spiagge con bandiera di certificazione della loro pulizia,0.09873430244624615,99.90125894546509,0.05520608392544091,0.6368504837155342,99.15692210197449,0.1510288566350937
qEM38,Causa della riduzione del lago aral,0.02381002123001963,99.97618794441223,0.019784108735620975,99.17365908622742,0.5200779531151056,0.28647284489125013
qEM39,Isola di plastica,0.02267033123644069,99.97733235359192,0.010913681762758642,1.1408991180360317,98.12375903129578,0.7244174834340811
qEM40,Spiagge con certificazione di pulizia,81.35970830917358,18.640293180942535,0.03639220376498997,1.349128782749176,97.51783609390259,1.0966408997774124
qEM41,Anno con temperature piÃ¹ alte,0.03244130057282746,99.96756315231323,0.08415948250330985,0.3388198558241129,0.0784421106800437,99.49859380722046
qEM42,Anno con temperature piÃ¹ alte,0.03244130057282746,99.96756315231323,0.08415948250330985,0.3388198558241129,0.0784421106800437,99.49859380722046
qEM43,PerchÃ gli orsi polari stanno diminuendo drasticamente di numero,0.021781091345474124,99.9782145023346,0.04352917894721031,1.4682737179100513,0.1770494389347732,98.31114411354065
qEM44,Quale nome si usa per definire una persona che ha a cuore ambiente,99.97476935386658,0.025228364393115044,99.79446530342102,0.14909181045368314,0.009116916044149548,0.04732631496153772
qEM45,Conseguenze negative della distruzione della foresta amazzonica,0.022371605155058205,99.9776303768158,0.004971470480086282,0.12510420056059957,99.6033251285553,0.2665932523086667
qEM46,Cosa Ã Ä¾isola di plastica,0.030814411002211273,99.96918439865112,0.03502103209029883,99.80377554893494,0.1187335466966033,0.042468629544600844
qEM47,Di cosa si occupa il WWF ?,0.025567301781848073,99.97443556785583,0.0057671702961670235,0.20435468759387732,99.66915845870972,0.12072458630427718
qEM48,Dove si trova Ä¾isola di plastica Cosa Ã,0.022931641433387995,99.97707009315491,0.040683787665329874,99.82598423957825,0.05965299787931144,0.07367546204477549
qEM49,persona che rispetta la natura,99.89320635795593,0.10678803082555532,98.87380599975586,0.7118231151252985,0.23653435055166483,0.17783736111596227
qEM50,Qual Ã la causa della riduzione del lago Aral,0.023787375539541245,99.97621178627014,0.028097355971112847,99.81038570404053,0.05582391167990863,0.10568787110969424
qEM51,Quale nome si usa per definire una persona che ha a cuore l,99.97037053108215,0.029626680770888925,99.69114661216736,0.24626387748867273,0.012172189599368721,0.050418084720149636
qEM52,Cosa Ã Ocean Cleanup,99.96367692947388,0.03632394364103675,99.89703893661499,0.07193511701188982,0.01528098655398935,0.01573669142089784
qEM53,Dove si trova Äº isola di plastica,0.022047093079891056,99.97795224189758,0.02400368539383635,99.61854815483093,0.13901833444833755,0.2184259006753564
qEM54,QuaÄº Ã la causa della riduzione del lago aral,0.024287760606966913,99.97571110725403,0.029350942349992692,99.76980090141296,0.05191246746107936,0.14893589541316032
qEM55,cos e la biodiversitÃ,0.0845280010253191,99.91546869277954,45.40397524833679,13.992126286029816,14.648900926113129,25.954994559288025
qEM56,Cosa Ã ocean cleanup? Ita,99.90642666816711,0.0935780699364841,99.63232278823853,0.33739504870027304,0.012686345144174993,0.017597679106984288
qEM57,Cosa Ã ocean cleanup? Italino,99.88299012184143,0.11700596660375595,99.91708993911743,0.04997559590265155,0.014748673129361123,0.018179920152761042
qEM58,Dove si trova Ä¾isola di plastica?,0.021864441805519164,99.97813105583191,0.0215377876884304,92.26118326187134,7.44272843003273,0.2745495643466711
qEM59,Quali sono le regole per tenere le spiagge pulite ?,0.03494896809570491,99.96504783630371,11.947178840637207,4.380465671420097,72.85454273223877,10.817813128232956
qEM60,di cosa si occupa il wwf,0.1314861117862165,99.86851811408997,0.1097422675229609,1.2213289737701416,96.18555903434753,2.483372949063778
qEM61,Di cosa si occupa il WWF?,0.026885606348514557,99.97311234474182,0.006565737567143515,0.5332755390554667,99.26296472549438,0.19718087278306484
qEM62,Cosa Ã Ocean Cleanup ?,99.86598491668701,0.134014873765409,78.86276841163635,20.997364819049835,0.08564587333239615,0.05422249669209123
qEM63,Quali sono le regole per tenere le spiagge pulite?,0.03400417335797101,99.96600151062012,8.99071916937828,7.714475691318512,67.48620867729187,15.808594226837158
qEM64,Di cosa si occupa la WWF,0.048923882422968745,99.95107650756836,0.10105286492034793,0.6480969954282045,96.96299433708191,2.287863567471504
qEM65,Cosa Ã ocean cleanup?,99.8963475227356,0.1036503934301436,99.73279237747192,0.23671833332628012,0.016931498248595744,0.013548208517022431
qEM66,Qual Ã la causa della riduzione del lago Aral,0.023787375539541245,99.97621178627014,0.028097355971112847,99.81038570404053,0.05582391167990863,0.10568787110969424
qEM67,A cosa serve frigorifero solidale,0.07267998298630118,99.92732405662537,0.006096212746342644,0.690730893984437,99.07218217849731,0.23100166581571102
qEM68,Cosa Ã Oceano cleanup,99.96330738067627,0.036695844028145075,99.91611242294312,0.055377493845298886,0.012174356379546225,0.01634153595659882
qEM69,perchÃ gli orsi polari stanno diminuendo drasticamente di numero ?,0.021515486878342927,99.97848868370056,0.03853576781693846,11.204072088003159,0.9872609749436378,87.77013421058655
qEM70,Quale ghiacciaio vicino a noi sta sciogliendosi in modo preoccupante?,0.021077350538689643,99.9789297580719,0.11354051530361176,0.12406086316332221,0.06688619032502174,99.69550371170044
qEM71,CosÃ ocean Cleanup?,99.79547262191772,0.20452949684113264,99.00122284889221,0.9420106187462807,0.030225541559047997,0.026539110695011914
qEM72,Qual Ã la causa della riduzione del lago Aral?,0.023181656433735043,99.97681975364685,0.027251249412074685,99.77380037307739,0.061318144435063004,0.13762632152065635
qEM73,Di cosa si occupa il wwf?,0.03290441527497023,99.96709823608398,0.006695535557810217,0.38391335401684046,99.41558837890625,0.19380791345611215
qEM74,Dove si trova Ä¾ isola di plastica?cosa Ã ?,0.022864399943500757,99.97714161872864,0.030171035905368626,99.42827224731445,0.08634362602606416,0.4552213940769434
qEM75,Di che cosa si occupa il wwf,0.1759770093485713,99.82402324676514,0.11484076967462897,1.8094388768076897,96.22100591659546,1.8547127023339272
qEM76,Di cosa si occupa il wwf,0.11199313448742032,99.88800883293152,0.10067048715427518,1.14047359675169,96.260005235672,2.498854883015156
qEM77,PerchÃ gli orsi polari stanno diminuendo drasticamente di numero?,0.021869572810828686,99.97813105583191,0.04212738131172955,5.2400097250938416,0.3969841171056032,94.32087540626526
qEM78,Quale ghiacciaio si sta scioglendo in modo preoccupante,0.021168726379983127,99.97883439064026,0.10059659834951162,0.09083101758733392,0.09481558226980269,99.71375465393066
qEM79,Cosa e la isola di plastica,0.02147490595234558,99.97852444648743,0.006759406824130565,0.2436591312289238,99.70874190330505,0.040842112503014505
qEM80,ocean cleanup,99.86701011657715,0.13299444690346718,99.85346794128418,0.06908317445777357,0.03708767762873322,0.04035982128698379
qEM81,Dove si trova Ä¾isola di plastica,0.021790293976664543,99.9782145023346,0.023188928025774658,99.74538683891296,0.13659781543537974,0.09482205496169627
qEM82,CosÃ Ä¾isola di plastica,0.026424237876199186,99.97357726097107,0.04712016670964658,99.82640147209167,0.08235984132625163,0.04411903792060912
