QID,IAS,positive,negative,neutral,anger,anticipation,disgust,fear,joy,sadness,surprise,trust
qGEN1,Gemma,14.682882804347827,12.831116260869567,72.48600067391304,11.11111111111111,0.0,22.22222222222222,0.0,44.44444444444444,0.0,0.0,22.22222222222222
qGEN2,Gemma,13.06270073809524,12.349203000000001,74.58809652380953,33.33333333333333,22.22222222222222,11.11111111111111,0.0,11.11111111111111,0.0,0.0,22.22222222222222
qGEN3,Gemma,13.94268743137255,11.496124843137256,74.56118733333334,10.0,10.0,10.0,10.0,30.0,0.0,0.0,30.0
qGEN4,Gemma,19.406756136363633,13.546407625974025,67.04683618831169,0.0,17.24137931034483,3.4482758620689653,3.4482758620689653,20.689655172413794,0.0,0.0,55.172413793103445
qGEN5,Gemma,15.742438238888889,15.816993888888886,68.44056794444444,20.0,10.0,0.0,10.0,10.0,0.0,20.0,30.0
qGEN6,Gemma,15.336339460317461,14.046165158730158,70.6174950952381,28.57142857142857,14.285714285714285,7.142857142857142,0.0,14.285714285714285,0.0,14.285714285714285,21.428571428571427
qGEN7,Gemma,17.645429814516127,15.457543848118279,66.89702597446235,7.4074074074074066,9.25925925925926,0.0,1.8518518518518516,12.037037037037036,4.62962962962963,9.25925925925926,55.55555555555556
qGEN8,Gemma,13.506383946923078,13.003563438461537,73.49005284230769,0.0,9.67741935483871,3.225806451612903,22.58064516129032,3.225806451612903,3.225806451612903,0.0,58.06451612903226
qGEN9,Gemma,18.346662449152543,20.255260597457625,61.39807752542372,9.090909090909092,13.636363636363635,0.0,40.909090909090914,9.090909090909092,0.0,0.0,27.27272727272727
qGEN10,Gemma,17.15256594126506,14.34779291506024,68.4996409743976,2.898550724637681,13.043478260869565,0.0,8.695652173913043,4.3478260869565215,2.898550724637681,14.492753623188404,53.62318840579711
qGEN11,Gemma,15.584869981132076,12.569270339622642,71.84585941509434,22.22222222222222,22.22222222222222,11.11111111111111,0.0,22.22222222222222,0.0,0.0,22.22222222222222
qGEN12,Gemma,12.61526062962963,12.187119092592592,75.19762063888888,4.166666666666666,12.5,0.0,20.833333333333336,8.333333333333332,12.5,0.0,41.66666666666667
qGEN13,Gemma,18.297371422764225,15.567677162601626,66.13495189430894,3.125,3.125,3.125,37.5,0.0,0.0,9.375,43.75
qGEN14,Gemma,16.831426434146344,14.001795548780487,69.16677790243902,5.882352941176469,29.411764705882355,5.882352941176469,5.882352941176469,23.529411764705877,0.0,0.0,29.411764705882355
qGEN15,Gemma,16.410455624390245,18.77114731707317,64.81839695121951,18.18181818181818,18.18181818181818,0.0,9.09090909090909,9.09090909090909,0.0,9.09090909090909,36.36363636363636
qGEN16,Gemma,17.37806312173913,17.095453826086953,65.52648326086957,12.5,12.5,0.0,12.5,12.5,0.0,12.5,37.5
qGEN17,Gemma,12.014773825925927,12.734345351851854,75.25088107407407,13.333333333333336,20.0,0.0,6.666666666666668,0.0,6.666666666666668,13.333333333333336,40.0
qGEN18,Gemma,13.68264505,12.655643903846153,73.6617111153846,8.333333333333336,8.333333333333336,8.333333333333336,8.333333333333336,25.000000000000007,8.333333333333336,8.333333333333336,25.000000000000007
qGEN19,Gemma,15.943608746341464,18.34253131707317,65.71386019512195,10.0,10.0,0.0,10.0,10.0,10.0,20.0,30.0
qGEN20,Gemma,13.95220945128205,16.40369938461538,69.64409135897436,14.285714285714285,14.285714285714285,0.0,14.285714285714285,0.0,0.0,14.285714285714285,42.857142857142854
qGEN21,Gemma,19.237825323886643,16.196323008097167,64.56585204453442,9.836065573770492,9.836065573770492,0.0,3.278688524590164,19.672131147540984,0.0,0.0,57.377049180327866
qGEN22,Gemma,15.257749288659795,13.223133123711342,71.51911776288658,6.666666666666669,3.3333333333333344,3.3333333333333344,16.666666666666668,6.666666666666669,6.666666666666669,3.3333333333333344,53.33333333333335
qGEN23,Gemma,14.2598480671875,13.260557667968751,72.4795948125,9.67741935483871,3.225806451612903,6.451612903225806,22.58064516129032,6.451612903225806,6.451612903225806,12.903225806451612,32.25806451612903
qGEN24,Gemma,14.083253706896551,15.027277159482757,70.88946862068964,2.7027027027027026,10.81081081081081,0.0,27.027027027027028,16.216216216216218,8.108108108108109,2.7027027027027026,32.432432432432435
qGEN25,Gemma,13.982463410101008,12.190685429292927,73.82685143434344,7.142857142857142,0.0,3.571428571428571,17.857142857142858,7.142857142857142,10.714285714285714,3.571428571428571,50.0
qGEN26,Gemma,22.677109557692308,17.49069339903846,59.832196485576915,11.53846153846154,11.53846153846154,3.846153846153847,0.0,13.461538461538463,7.692307692307694,9.615384615384619,42.307692307692314
qGEN27,Gemma,11.060985009433962,10.997393886792453,77.94162124528302,13.333333333333332,6.666666666666666,19.999999999999996,13.333333333333332,6.666666666666666,13.333333333333332,6.666666666666666,19.999999999999996
qGEN28,Gemma,18.184247488095235,15.192261172619048,66.6234915,3.703703703703703,3.703703703703703,0.0,18.518518518518515,3.703703703703703,11.111111111111109,3.703703703703703,55.55555555555555
qGEN29,Gemma,15.541458225581394,12.432825395348837,72.02571632209302,9.523809523809524,0.0,0.0,28.57142857142857,4.761904761904762,0.0,0.0,57.14285714285714
qGEN30,Gemma,13.60686522,11.918468015999998,74.474666712,3.4482758620689653,10.344827586206897,6.896551724137931,6.896551724137931,10.344827586206897,3.4482758620689653,6.896551724137931,51.724137931034484
qGEN31,Gemma,17.42574560597015,14.734408594328361,67.83984577074628,3.225806451612903,6.451612903225806,1.0752688172043012,13.978494623655912,9.67741935483871,9.67741935483871,6.451612903225806,49.46236559139785
qGEN32,Gemma,10.799398464285714,11.388147642857142,77.81245442857143,25.0,0.0,12.5,25.0,0.0,0.0,12.5,25.0
qGEN33,Gemma,16.22361741826923,14.411941790865384,69.36444076442308,10.90909090909091,7.272727272727273,5.454545454545455,1.8181818181818183,23.63636363636364,0.0,0.0,50.909090909090914
qGEN34,Gemma,16.699833173913046,15.547693635748791,67.7524729468599,14.814814814814813,12.96296296296296,1.8518518518518516,1.8518518518518516,20.37037037037037,3.7037037037037033,3.7037037037037033,40.74074074074074
qGEN35,Gemma,15.864057720433436,12.092028433126936,72.04391415170278,0.9708737864077668,5.825242718446601,1.9417475728155336,26.213592233009706,0.9708737864077668,16.504854368932037,2.9126213592233006,44.66019417475728
qGEN36,Gemma,14.870959769633508,13.426084052356021,71.70295615706806,0.0,11.363636363636363,18.181818181818183,20.454545454545457,9.090909090909092,2.272727272727273,2.272727272727273,36.36363636363637
qGEN37,Gemma,16.391440818181817,14.19049507486631,69.4180642486631,3.4482758620689653,13.793103448275861,5.172413793103448,5.172413793103448,1.7241379310344827,1.7241379310344827,3.4482758620689653,65.51724137931035
qGEN38,Gemma,17.010418835483872,17.42730649,65.56227462903225,0.9900990099009901,17.82178217821782,1.9801980198019802,27.722772277227726,3.9603960396039604,4.9504950495049505,11.881188118811881,30.693069306930692
qGEN39,Gemma,16.190323564252335,17.072795370794395,66.73688110046729,0.8849557522123894,7.964601769911504,0.8849557522123894,34.51327433628318,3.5398230088495577,7.079646017699115,13.274336283185841,31.858407079646017
qGEN40,Gemma,16.576408821428572,13.939393185714282,69.48419812698413,0.0,27.500000000000004,2.5,12.5,5.0,0.0,2.5,50.0
qGEN41,Gemma,15.206623386666665,14.040447366666667,70.75292965333334,6.25,6.25,0.0,12.5,12.5,0.0,0.0,62.5
qGEN42,Gemma,16.50642595632184,11.020102236398468,72.4734720881226,2.1505376344086025,5.376344086021505,2.1505376344086025,19.35483870967742,1.0752688172043012,6.451612903225806,3.225806451612903,60.215053763440864
qGEN43,Gemma,18.09751716589862,12.676837597235025,69.22564511981565,1.2987012987012987,6.493506493506493,2.5974025974025974,16.883116883116884,1.2987012987012987,9.090909090909092,3.8961038961038965,58.44155844155844
qGEN44,Gemma,17.88412598076923,16.941293615384616,65.1745801153846,5.882352941176469,17.647058823529413,0.0,23.529411764705877,0.0,17.647058823529413,0.0,35.294117647058826
qGEN45,Gemma,20.75238322727273,17.714517970454548,61.5330987159091,7.407407407407407,7.407407407407407,0.0,18.518518518518523,3.7037037037037037,7.407407407407407,3.7037037037037037,51.85185185185185
qGEN46,Gemma,17.36357028440367,17.634096233027524,65.00233370642204,20.0,0.0,3.333333333333334,10.0,30.0,0.0,13.333333333333336,23.33333333333333
qGEN47,Gemma,14.75210261403509,14.055086543859646,71.19281033333334,12.5,0.0,12.5,6.25,50.0,0.0,6.25,12.5
qGEN48,Gemma,19.544265616071428,15.359910437500002,65.09582425,5.882352941176469,2.9411764705882346,0.0,26.470588235294123,2.9411764705882346,0.0,11.764705882352938,50.0
qGEN49,Gemma,13.914053726394052,12.424839585130112,73.66110675464684,12.727272727272728,1.8181818181818183,14.545454545454547,30.90909090909091,3.6363636363636367,0.0,10.90909090909091,25.454545454545457
qGEN50,Gemma,17.8527095,12.945537166666664,69.20175348245613,0.0,15.384615384615385,7.6923076923076925,11.538461538461538,0.0,0.0,11.538461538461538,53.84615384615385
qGEN51,Gemma,18.234309578249338,17.59743094297082,64.1682594403183,7.518796992481203,11.278195488721803,1.5037593984962405,6.766917293233082,18.045112781954884,4.511278195488721,11.278195488721803,39.097744360902254
qGEN52,Gemma,18.783898137096774,16.2184689422043,64.99763281451612,12.62135922330097,7.766990291262136,0.0,2.9126213592233015,15.533980582524272,0.970873786407767,8.737864077669904,51.45631067961166
qGEN53,Gemma,15.52381995522388,11.818554902985074,72.6576252067164,0.0,6.451612903225805,0.0,0.0,38.70967741935483,3.2258064516129026,3.2258064516129026,48.387096774193544
qGEN54,Gemma,14.465208227272727,13.751952895454544,71.78283848272727,4.166666666666666,12.5,0.0,16.666666666666664,4.166666666666666,4.166666666666666,0.0,58.33333333333334
qGEN55,Gemma,14.688940350602408,13.994905873493977,71.31615351204819,0.0,7.6923076923076925,0.0,15.384615384615385,7.6923076923076925,3.8461538461538463,0.0,65.38461538461539
qGEN56,Gemma,15.825352406249998,16.31165140625,67.86299553125,0.0,0.0,0.0,0.0,62.5,12.5,0.0,25.0
qGEN57,Gemma,13.339535074074075,13.885082916666668,72.7753818101852,8.695652173913043,4.3478260869565215,0.0,13.043478260869566,4.3478260869565215,8.695652173913043,4.3478260869565215,56.52173913043479
qGEN58,Gemma,13.69792446329114,13.67215503164557,72.62992093670886,8.0,0.0,8.0,28.000000000000004,12.0,8.0,4.0,32.0
qGEN59,Gemma,11.77989324,11.634959139,76.5851481,7.407407407407407,7.407407407407407,0.0,29.62962962962963,7.407407407407407,3.7037037037037037,7.407407407407407,37.037037037037045
qGEN60,Gemma,16.17735864210526,15.501294231578946,68.32134717894738,9.09090909090909,9.09090909090909,9.09090909090909,4.545454545454545,13.636363636363633,9.09090909090909,4.545454545454545,40.90909090909091
qGEN61,Gemma,14.899438962184878,15.084443621848736,70.01611768907563,4.166666666666666,20.833333333333336,0.0,29.16666666666667,0.0,16.666666666666664,0.0,29.16666666666667
qGEN62,Gemma,14.242782652439024,15.037241978048781,70.71997528455285,3.7735849056603774,5.660377358490567,0.0,22.641509433962266,5.660377358490567,9.433962264150944,13.20754716981132,39.62264150943396
qGEN63,Gemma,15.945196126760564,14.738959183098594,69.31584492957747,5.555555555555555,11.11111111111111,0.0,11.11111111111111,5.555555555555555,0.0,0.0,66.66666666666666
qGEN64,Gemma,18.98126078358209,16.67668496268657,64.34205446268658,5.882352941176468,8.823529411764705,0.0,35.29411764705882,0.0,0.0,14.705882352941176,35.29411764705882
qGEN65,Gemma,11.523130191891891,10.77556022927928,77.7013098018018,8.450704225352114,8.450704225352114,4.225352112676057,30.985915492957748,7.042253521126762,1.4084507042253525,12.67605633802817,26.760563380281692
qGEN66,Gemma,14.952193651660517,11.356258842066419,73.69154773431734,0.0,7.216494845360824,2.0618556701030926,19.587628865979383,0.0,15.463917525773194,1.0309278350515463,54.63917525773196
qGEN67,Gemma,19.920537318181815,19.30552473232323,60.77393835353535,5.263157894736842,0.0,5.263157894736842,26.31578947368421,10.526315789473683,0.0,21.052631578947366,31.57894736842105
qGEN68,Gemma,14.71299657583643,11.472083972862455,73.8149196542751,1.2987012987012987,3.896103896103897,1.2987012987012987,16.883116883116887,2.5974025974025974,11.688311688311689,7.792207792207794,54.54545454545455
qGEN69,Gemma,16.38715863892857,12.916031038571429,70.69681061428572,2.127659574468085,5.319148936170212,0.0,21.276595744680847,2.127659574468085,9.574468085106384,2.127659574468085,57.446808510638306
qGEN70,Gemma,18.998758146153843,13.079637597115385,67.92160460576923,2.469135802469136,4.938271604938272,1.234567901234568,11.111111111111112,1.234567901234568,6.17283950617284,9.876543209876544,62.962962962962976
qGEN71,Gemma,16.528162124907062,11.837856742379183,71.63398142379182,0.9615384615384616,8.653846153846153,3.8461538461538463,18.269230769230766,0.0,10.576923076923077,0.9615384615384616,56.730769230769226
qGEN72,Gemma,17.68090838988764,12.571441372284644,69.74765055430711,1.1494252873563218,5.74712643678161,2.2988505747126435,17.24137931034483,2.2988505747126435,13.793103448275861,1.1494252873563218,56.32183908045977
qGEN73,Gemma,15.800679620600855,13.341094640343348,70.85822594420601,0.0,5.434782608695652,4.3478260869565215,25.0,1.0869565217391304,11.956521739130435,4.3478260869565215,47.82608695652174
qGEN74,Gemma,15.481324755747124,16.746564122701148,67.77211101149425,2.0408163265306123,15.30612244897959,2.0408163265306123,24.489795918367346,6.122448979591836,3.061224489795918,15.30612244897959,31.63265306122449
qGEN75,Gemma,14.251777623404255,14.463554840425532,71.28466782978722,4.545454545454546,4.545454545454546,0.0,18.181818181818183,9.090909090909092,0.0,0.0,63.63636363636363
qGEN76,Gemma,12.28263546875,9.67040891875,78.046956,33.33333333333333,11.11111111111111,0.0,0.0,0.0,11.11111111111111,0.0,44.44444444444444
qGEN77,Gemma,22.87923598214286,16.443356571428573,60.677407375000016,0.0,0.0,0.0,20.0,20.0,0.0,0.0,60.0
qGEN78,Gemma,16.441427456000003,14.5497065304,69.008866096,2.2222222222222228,4.4444444444444455,2.2222222222222228,26.666666666666675,4.4444444444444455,4.4444444444444455,8.888888888888891,46.666666666666664
qGEN79,Gemma,13.639832322268909,13.416396867647059,72.94377081092436,9.375,10.9375,3.125,29.6875,3.125,6.25,7.8125,29.6875
qGEN80,Gemma,14.555408931034483,11.157862827586207,74.28672894827587,18.181818181818183,18.181818181818183,9.090909090909092,9.090909090909092,0.0,0.0,0.0,45.45454545454545
qGEN81,Gemma,23.518728714285718,13.193672571428575,63.28760007142857,22.22222222222222,11.11111111111111,0.0,0.0,0.0,0.0,0.0,66.66666666666666
qGEN82,Gemma,15.168237335443038,16.20514316329114,68.62661972151898,0.0,0.0,12.5,12.5,0.0,12.5,0.0,62.5
qGEN83,Gemma,12.314262114285714,8.8736386,78.81209925714285,15.384615384615385,15.384615384615385,7.6923076923076925,23.076923076923077,0.0,0.0,0.0,38.46153846153847
qGEN84,Gemma,14.26151692371134,13.464062391752579,72.27442043814433,4.3478260869565215,17.391304347826086,0.0,17.391304347826086,0.0,0.0,0.0,60.86956521739131
qGEN85,Gemma,16.656808458333334,10.695439666666665,72.64775158333335,30.0,10.0,0.0,10.0,0.0,0.0,0.0,50.0
qGEN86,Gemma,23.168144480000002,18.89794452,57.9339111,5.0,5.0,0.0,40.0,5.0,0.0,15.0,30.0
qGEN87,Gemma,16.999392197058825,17.377747438235293,65.62286036235294,11.428571428571429,2.857142857142857,8.571428571428571,20.0,5.714285714285714,5.714285714285714,5.714285714285714,40.0
qGEN88,Gemma,19.008686631578946,17.57981948684211,63.41149430263159,7.6923076923076925,0.0,0.0,30.76923076923077,7.6923076923076925,0.0,7.6923076923076925,46.15384615384615
qGEN89,Gemma,18.257802135922326,18.13707344174757,63.60512471067962,5.0,10.0,5.0,40.0,5.0,5.0,5.0,25.0
qGEN90,Gemma,12.215264171134022,11.839171469072166,75.94556459793814,8.333333333333334,8.333333333333334,0.0,20.83333333333334,4.166666666666667,8.333333333333334,4.166666666666667,45.833333333333336
qGEN91,Gemma,16.491163313432835,13.71067254477612,69.7981645522388,6.25,12.5,0.0,12.5,6.25,0.0,0.0,62.5
qGEN92,Gemma,15.718834655737703,14.261475942622951,70.01968981967214,6.666666666666668,13.333333333333336,0.0,13.333333333333336,6.666666666666668,0.0,0.0,60.0
qGEN93,Gemma,16.40063348113879,11.983461130249113,71.61590570106762,2.5316455696202533,3.79746835443038,3.79746835443038,18.9873417721519,3.79746835443038,5.063291139240507,3.79746835443038,58.22784810126582
qGEN94,Gemma,17.511474519685038,12.342151433070866,70.14637413385827,2.0202020202020203,8.080808080808081,4.040404040404041,20.2020202020202,0.0,9.090909090909092,1.0101010101010102,55.55555555555556
qGEN95,Gemma,25.433869555555553,16.661551277777782,57.90457980555556,20.0,20.0,0.0,0.0,0.0,0.0,0.0,60.0
qGEN96,Gemma,14.489243754716982,13.894478694339623,71.61627735377357,0.0,6.8181818181818175,15.909090909090908,18.181818181818183,6.8181818181818175,4.545454545454546,4.545454545454546,43.18181818181818
qGEN97,Gemma,16.1395562615894,14.432331231788078,69.42811280794702,0.0,11.53846153846154,11.53846153846154,15.384615384615389,7.692307692307694,0.0,7.692307692307694,46.15384615384616
qGEN98,Gemma,14.030313341333333,14.059186906666671,71.91049989333334,0.0,6.25,0.0,25.0,6.25,6.25,0.0,56.25
qGEN99,Gemma,17.211332534979423,12.508718269135802,70.2799496419753,1.1363636363636365,4.545454545454546,2.272727272727273,17.045454545454543,1.1363636363636365,9.090909090909092,1.1363636363636365,63.63636363636363
qGEN100,Gemma,15.205190551713397,16.28525398504673,68.50955538006231,3.7037037037037033,17.28395061728395,1.2345679012345678,27.160493827160494,2.4691358024691357,4.938271604938271,13.580246913580247,29.629629629629626
qGEN101,Gemma,17.183687256493503,16.50197751298701,66.31433568181816,6.818181818181818,15.90909090909091,2.272727272727273,27.272727272727273,2.272727272727273,4.545454545454546,13.636363636363637,27.272727272727273
qGEN102,Gemma,18.083654845901638,17.319049988524593,64.59729526295082,3.75,13.750000000000002,1.25,31.25,1.25,7.5,15.0,26.25
qGEN103,Gemma,15.656059352941176,14.988328794117646,69.35561148529412,18.181818181818183,9.090909090909092,0.0,9.090909090909092,9.090909090909092,0.0,0.0,54.54545454545454
qGEN104,Gemma,15.820343213333333,16.185166733333332,67.99448986666667,15.0,15.0,0.0,35.0,0.0,0.0,5.0,30.0
qGEN105,Gemma,17.319036900862066,17.870391672413792,64.81057165517241,0.0,18.181818181818183,0.0,22.727272727272727,4.545454545454546,9.090909090909092,0.0,45.45454545454545
qGEN106,Gemma,15.768375693877552,15.24605574829932,68.98556889795917,8.108108108108109,2.7027027027027026,0.0,24.324324324324326,10.81081081081081,5.405405405405405,10.81081081081081,37.83783783783784
qGEN107,Gemma,20.530656181818184,20.49106595959596,58.97827827272728,0.0,5.555555555555555,0.0,27.77777777777778,5.555555555555555,5.555555555555555,11.11111111111111,44.44444444444444
qGEN108,Gemma,14.814411844776117,15.13437635283582,70.05121207164179,8.045977011494253,13.793103448275861,0.0,34.48275862068966,4.597701149425287,6.896551724137931,10.344827586206897,21.839080459770116
qGEN109,Gemma,21.332585724489796,15.93246056122449,62.73495373469387,5.555555555555555,0.0,0.0,22.22222222222222,0.0,0.0,11.11111111111111,61.111111111111114
qGEN110,Gemma,21.622440671232876,18.722994178082192,59.654565020547956,0.0,0.0,0.0,27.27272727272727,0.0,0.0,9.090909090909092,63.63636363636363
qEM1,Gemma,16.66022053426184,16.053164277994426,67.28661531754875,1.694915254237288,16.94915254237288,0.847457627118644,26.27118644067797,7.627118644067797,5.932203389830509,2.5423728813559325,38.13559322033898
qEM2,Gemma,15.902238709923664,14.828153331297711,69.26960799236642,3.5714285714285716,7.142857142857143,0.0,35.71428571428572,3.5714285714285716,0.0,21.42857142857143,28.571428571428573
qEM3,Gemma,15.48579311764706,17.002224574789917,67.5119828907563,3.7037037037037037,7.407407407407407,0.0,37.037037037037045,0.0,0.0,25.925925925925924,25.925925925925924
qEM4,Gemma,15.244729802402402,16.230165764864864,68.52510444144144,0.9345794392523364,20.560747663551403,0.0,19.626168224299068,0.9345794392523364,7.4766355140186915,11.214953271028039,39.252336448598136
qEM5,Gemma,13.9476900481203,15.53272903007519,70.51958117293233,0.0,30.555555555555557,0.0,25.0,2.7777777777777777,5.555555555555555,11.11111111111111,25.0
qEM6,Gemma,18.041179713725487,14.546504712745097,67.41231577205883,4.0,2.0,4.0,14.000000000000002,4.0,8.0,6.0,57.99999999999999
qEM7,Gemma,16.86803929107981,16.35816657183099,66.77379422065728,3.703703703703703,5.5555555555555545,1.8518518518518514,14.814814814814811,3.703703703703703,5.5555555555555545,25.925925925925917,38.888888888888886
qEM8,Gemma,18.921089339100348,15.611196853979239,65.46771361591695,0.0,15.492957746478872,1.4084507042253522,9.859154929577464,11.267605633802818,4.225352112676056,26.76056338028169,30.985915492957744
qEM9,Gemma,19.147019903225807,14.969622032258064,65.8833581451613,7.6923076923076925,0.0,0.0,0.0,30.76923076923077,0.0,0.0,61.53846153846154
qEM10,Gemma,15.60627036764706,16.857065829411763,67.53666354201681,2.941176470588234,8.823529411764705,1.470588235294117,17.64705882352941,0.0,5.882352941176468,10.29411764705882,52.94117647058824
qEM11,Gemma,16.123894243749998,16.466009384375,67.410096209375,2.1052631578947367,12.631578947368421,1.0526315789473684,22.105263157894736,1.0526315789473684,4.2105263157894735,8.421052631578947,48.42105263157894
qEM12,Gemma,17.123294179310346,17.48772453448276,65.38898097931035,1.8181818181818181,14.545454545454545,3.6363636363636362,27.27272727272727,0.0,7.2727272727272725,9.090909090909092,36.36363636363637
qEM13,Gemma,16.12540913902439,12.888145721463415,70.98644563414635,1.3888888888888888,6.944444444444445,5.555555555555555,29.16666666666667,0.0,4.166666666666666,5.555555555555555,47.222222222222214
qEM14,Gemma,15.909809251724138,15.365463428965517,68.72472742068966,2.469135802469136,7.407407407407407,2.469135802469136,23.456790123456795,1.234567901234568,6.17283950617284,13.580246913580249,43.20987654320988
qEM15,Gemma,16.17960817647059,18.394091905882355,65.42630057843138,5.0,0.0,0.0,35.0,0.0,5.0,25.0,30.0
qEM16,Gemma,15.659073787946426,16.337743334821432,68.00318259375001,1.6129032258064515,16.129032258064516,1.6129032258064515,12.903225806451612,0.0,14.516129032258066,9.67741935483871,43.54838709677419
qEM17,Gemma,17.4070501875,15.9307109925,66.662239195,10.0,20.0,0.0,5.0,0.0,5.0,25.0,35.0
qEM18,Gemma,18.92221706640625,19.8816258203125,61.196157289062505,3.333333333333334,23.33333333333333,0.0,20.0,6.666666666666668,0.0,3.333333333333334,43.33333333333334
qEM19,Gemma,16.10584713913043,13.972923591304347,69.92122927478262,2.7027027027027026,0.0,0.0,27.027027027027028,0.0,8.108108108108109,13.513513513513514,48.64864864864865
qEM20,Gemma,16.667009991666667,16.275978953333333,67.05701149666666,6.896551724137931,6.896551724137931,0.0,27.586206896551722,0.0,6.896551724137931,13.793103448275861,37.93103448275862
qEM21,Gemma,16.35256311827957,17.081698961290325,66.56573807526881,8.333333333333332,0.0,0.0,37.5,0.0,0.0,20.833333333333336,33.33333333333333
qEM22,Gemma,14.962810267768594,18.12450103636364,66.9126889090909,3.8461538461538463,7.6923076923076925,11.538461538461538,23.076923076923077,0.0,0.0,23.076923076923077,30.76923076923077
qEM23,Gemma,16.04342809624413,11.192346256338029,72.76422614553992,3.125,14.0625,1.5625,4.6875,4.6875,4.6875,40.625,26.5625
qEM24,Gemma,17.019410863468636,16.983913068265682,65.9966760590406,3.75,15.0,2.5,22.5,1.25,8.75,3.75,42.5
qEM25,Gemma,22.964387874999996,15.827358546875,61.208253375,0.0,4.761904761904763,0.0,4.761904761904763,4.761904761904763,9.523809523809526,33.333333333333336,42.85714285714286
qEM26,Gemma,12.889285307692305,16.05209441666667,71.05862033333335,2.3255813953488373,23.255813953488367,2.3255813953488373,25.581395348837212,0.0,6.976744186046512,9.30232558139535,30.23255813953488
qEM27,Gemma,15.849275781115882,12.47446129356223,71.67626310729614,0.0,16.39344262295082,0.0,3.2786885245901645,11.475409836065575,11.475409836065575,11.475409836065575,45.9016393442623
qEM28,Gemma,16.186329567375886,13.28866414326241,70.5250064539007,4.761904761904763,9.523809523809526,0.0,7.142857142857143,14.285714285714286,4.761904761904763,33.333333333333336,26.190476190476197
qEM29,Gemma,17.74205304683544,14.378824975316457,67.87912232278481,0.0,32.43243243243243,0.0,2.702702702702702,13.513513513513512,13.513513513513512,5.405405405405404,32.43243243243243
qEM30,Gemma,18.6034811978022,15.146926197802198,66.24959278021979,0.0,16.666666666666664,8.333333333333332,8.333333333333332,8.333333333333332,0.0,16.666666666666664,41.66666666666667
qEM31,Gemma,15.36327045112782,12.647549244360903,71.98918032330826,0.0,38.23529411764706,0.0,0.0,11.764705882352938,14.705882352941178,0.0,35.294117647058826
qEM32,Gemma,15.814678337704919,14.415270109836065,69.77005183606558,5.263157894736842,21.052631578947366,5.263157894736842,0.0,15.789473684210526,10.526315789473683,5.263157894736842,36.84210526315789
qEM33,Gemma,17.035516546255504,16.43686913171806,66.52761430837005,1.5384615384615388,4.615384615384616,1.5384615384615388,13.846153846153847,4.615384615384616,9.230769230769232,20.0,44.61538461538462
qEM34,Gemma,16.91548173943662,13.520048302112677,69.5644698028169,0.0,13.333333333333336,3.333333333333334,3.333333333333334,10.0,10.0,30.0,30.0
qEM35,Gemma,15.39356924468085,12.38127254255319,72.22515833617021,1.5873015873015877,17.46031746031746,0.0,1.5873015873015877,11.111111111111112,7.936507936507938,12.698412698412701,47.61904761904762
qEM36,Gemma,15.713984312359553,13.312644017415728,70.9733718483146,0.0,17.77777777777778,2.2222222222222223,2.2222222222222223,15.555555555555554,11.11111111111111,11.11111111111111,40.0
qEM37,Gemma,16.40171249777778,12.45798981388889,71.14029812777777,0.0,10.344827586206897,0.0,3.4482758620689653,12.068965517241379,5.172413793103448,32.758620689655174,36.206896551724135
qEM38,Gemma,14.575370098369564,16.06188155597826,69.36274850000001,3.8461538461538463,5.769230769230769,5.769230769230769,17.307692307692307,3.8461538461538463,3.8461538461538463,17.307692307692307,42.30769230769231
qEM39,Gemma,15.53172087654321,15.893610818106996,68.57466873251029,1.7241379310344827,3.4482758620689653,3.4482758620689653,13.793103448275861,1.7241379310344827,8.620689655172415,17.24137931034483,50.0
qEM40,Gemma,15.90775689868421,14.602708548026316,69.48953470394737,0.0,16.9811320754717,0.0,7.547169811320755,13.20754716981132,5.660377358490567,22.641509433962266,33.9622641509434
qEM41,Gemma,19.879058553999997,19.358827220000002,60.76211454999999,4.761904761904762,52.38095238095239,0.0,4.761904761904762,0.0,0.0,4.761904761904762,33.33333333333333
qEM42,Gemma,18.8958638,17.746574626666668,63.35756197333333,13.333333333333336,26.66666666666667,0.0,0.0,6.666666666666668,0.0,6.666666666666668,46.66666666666666
qEM43,Gemma,16.020872000000004,17.327199598523986,66.6519281402214,1.219512195121951,18.292682926829265,2.439024390243902,20.731707317073166,1.219512195121951,4.878048780487804,10.975609756097562,40.24390243902439
qEM44,Gemma,16.388661560975613,12.870196078048782,70.7411427804878,13.333333333333332,6.666666666666666,0.0,26.666666666666664,13.333333333333332,13.333333333333332,0.0,26.666666666666664
qEM45,Gemma,16.8120894810219,16.772732840145988,66.41517794525548,2.1739130434782608,16.304347826086957,0.0,30.434782608695656,8.695652173913043,3.260869565217391,5.434782608695652,33.69565217391305
qEM46,Gemma,16.795289335403726,17.514838604968947,65.68987252173913,0.0,5.88235294117647,2.941176470588235,17.647058823529413,2.941176470588235,2.941176470588235,26.470588235294127,41.1764705882353
qEM47,Gemma,15.184079369863014,12.597842236301371,72.2180780410959,1.9230769230769236,11.53846153846154,1.9230769230769236,17.30769230769231,3.846153846153847,3.846153846153847,0.0,59.61538461538462
qEM48,Gemma,15.769694696428571,18.119449146428572,66.1108562232143,3.4482758620689653,6.896551724137931,3.4482758620689653,31.034482758620687,3.4482758620689653,0.0,24.137931034482758,27.586206896551722
qEM49,Gemma,17.062405099415205,15.260547023391812,67.67704781871345,1.9230769230769231,21.153846153846153,0.0,5.769230769230769,17.307692307692307,1.9230769230769231,1.9230769230769231,50.0
qEM50,Gemma,16.983392932692308,13.58931801826923,69.42728907692307,8.19672131147541,8.19672131147541,3.278688524590164,13.114754098360656,1.639344262295082,14.754098360655737,3.278688524590164,47.540983606557376
qEM51,Gemma,13.71619826105263,14.92124351736842,71.36255862105263,5.660377358490567,18.867924528301888,5.660377358490567,13.20754716981132,1.8867924528301887,7.547169811320755,13.20754716981132,33.9622641509434
qEM52,Gemma,16.16648318604651,12.759537325581396,71.07397961627908,11.764705882352938,17.647058823529413,5.882352941176469,0.0,11.764705882352938,5.882352941176469,0.0,47.058823529411754
qEM53,Gemma,15.134170135021098,13.404174906329116,71.46165529957806,2.0,6.0,2.0,8.0,0.0,4.0,18.0,60.0
qEM54,Gemma,17.425623463414638,16.536425938211387,66.03795087804878,8.823529411764707,5.882352941176469,0.0,38.23529411764706,0.0,0.0,17.647058823529413,29.411764705882355
qEM55,Gemma,16.46589855601852,16.547632269444446,66.98646925925927,5.454545454545454,9.090909090909092,5.454545454545454,12.727272727272727,5.454545454545454,3.6363636363636362,18.181818181818183,40.0
qEM56,Gemma,17.678876887096777,13.812677653225808,68.50844575,0.0,2.5,10.0,15.0,0.0,5.0,2.5,65.0
qEM57,Gemma,15.536396110599076,13.944747923963133,70.51885612903226,1.7857142857142856,12.5,0.0,12.5,1.7857142857142856,5.357142857142857,21.428571428571427,44.642857142857146
qEM58,Gemma,15.516883074324328,15.311877394594594,69.1712401081081,0.0,3.125,0.0,9.375,0.0,15.625,12.5,59.375
qEM59,Gemma,15.880180694444443,14.452120380555556,69.66769922222223,6.25,0.0,6.25,31.25,0.0,0.0,25.0,31.25
qEM60,Gemma,17.427613516728623,16.51522185092937,66.0571649739777,3.03030303030303,1.515151515151515,3.03030303030303,19.696969696969695,3.03030303030303,9.090909090909092,13.636363636363635,46.96969696969697
qEM61,Gemma,16.28240563037975,11.573466900632912,72.1441277278481,0.0,9.615384615384619,0.0,15.384615384615389,0.0,0.0,1.9230769230769236,73.07692307692308
qEM62,Gemma,16.033257727027024,13.080502675675676,70.88623982432433,2.1739130434782608,4.3478260869565215,0.0,21.73913043478261,4.3478260869565215,4.3478260869565215,0.0,63.04347826086957
qEM63,Gemma,15.366719083333336,13.35574037962963,71.2775409537037,3.333333333333334,6.666666666666668,0.0,16.666666666666664,0.0,10.0,26.66666666666667,36.666666666666664
qEM64,Gemma,17.100586727058822,16.40468563529412,66.49472794705882,2.3809523809523814,4.761904761904763,2.3809523809523814,14.285714285714286,2.3809523809523814,7.142857142857143,16.666666666666668,50.00000000000001
qEM65,Gemma,16.645671551630436,13.570928303260867,69.78340032608696,1.639344262295082,8.19672131147541,0.0,14.754098360655737,3.278688524590164,4.918032786885246,1.639344262295082,65.57377049180327
qEM66,Gemma,15.23453791981132,13.471449383962264,71.29401289150945,2.0408163265306123,6.122448979591836,4.081632653061225,14.285714285714285,0.0,10.204081632653061,14.285714285714285,48.97959183673469
